kommune,1992K1,1992K2,1992K3,1992K4,1993K1,1993K2,1993K3,1993K4,1994K1,1994K2,1994K3,1994K4,1995K1,1995K2,1995K3,1995K4,1996K1,1996K2,1996K3,1996K4,1997K1,1997K2,1997K3,1997K4,1998K1,1998K2,1998K3,1998K4,1999K1,1999K2,1999K3,1999K4,2000K1,2000K2,2000K3,2000K4,2001K1,2001K2,2001K3,2001K4,2002K1,2002K2,2002K3,2002K4,2003K1,2003K2,2003K3,2003K4,2004K1,2004K2,2004K3,2004K4,2005K1,2005K2,2005K3,2005K4,2006K1,2006K2,2006K3,2006K4,2007K1,2007K2,2007K3,2007K4,2008K1,2008K2,2008K3,2008K4,2009K1,2009K2,2009K3,2009K4,2010K1,2010K2,2010K3,2010K4,2011K1,2011K2,2011K3,2011K4,2012K1,2012K2,2012K3,2012K4,2013K1,2013K2,2013K3,2013K4,2014K1,2014K2,2014K3,2014K4,2015K1,2015K2,2015K3,2015K4,2016K1,2016K2,2016K3,2016K4,2017K1,2017K2,2017K3,2017K4,2018K1,2018K2,2018K3,2018K4,2019K1,2019K2,2019K3,2019K4,2020K1,2020K2,2020K3,2020K4,2021K1,2021K2,2021K3,2021K4,2022K1,2022K2,2022K3,2022K4,2023K1,2023K2,2023K3,2023K4,2024K1,2024K2,2024K3,2024K4,2025K1,2025K2,2025K3,2025K4
København,5355.0,5451.0,5374.0,5171.0,5068.0,5186.0,5609.0,5519.0,5503.0,5885.0,5621.0,5328.0,5675.0,5924.0,6014.0,6299.0,6764.0,6991.0,7210.0,7227.0,7670.0,8263.0,8234.0,8520.0,9201.0,9275.0,9606.0,9762.0,9925.0,10590.0,10479.0,11078.0,10637.0,11422.0,11737.0,12562.0,12419.0,13571.0,13713.0,13422.0,14159.0,14256.0,14364.0,14191.0,14333.0,15552.0,15222.0,15715.0,16139,16857.0,17269.0,18771,19501.0,21562,23821,25553,27206.0,27479.0,28366.0,29214.0,27942.0,27929.0,26836,25853.0,26852.0,26058,24502.0,22342.0,20825.0,20847.0,21954,22090.0,22775.0,24160.0,24260.0,24357.0,23203.0,25144.0,24307.0,22525.0,22289.0,23782.0,23343.0,22932.0,24217,24611.0,24334.0,25883.0,25429.0,26568.0,27162.0,27951.0,28418.0,29930.0,30276.0,29875.0,31561.0,31159,32114,30752,32044.0,33937.0,34306,34013,36761,35334.0,35701,37494.0,36347,36170,37003,38894,37680.0,38803,40458.0,42173,45636,46966,49455,47726.0,48374,50514.0,49173,45821,43538.0,46023.0,47651,48146.0,47769.0,51843,52011,54134.0,56649.0,56876.0,59198.0,60048.0
Frederiksberg,5183.0,5626.0,6980.0,6686.0,5537.0,7047.0,6651.0,6174.0,6558.0,6496.0,7283.0,6955.0,7607.0,7165.0,8643.0,8477.0,8174.0,8311.0,8964.0,8772.0,9346.0,9861.0,9806.0,11098.0,10158.0,11822.0,12685.0,13918.0,13288.0,12046.0,10594.0,13914.0,14408.0,14873.0,14358.0,14398.0,14780.0,13367.0,16015.0,17453.0,15969.0,17821.0,18965.0,17760.0,17567.0,17761.0,17187.0,21085.0,16856,19514.0,22247.0,24577,26096.0,24395,29267,29533,33092.0,36617.0,36693.0,30346.0,31868.0,36518.0,30994,,39382.0,36224,32944.0,31799.0,24743.0,30706.0,27445,26027.0,32509.0,34462.0,32431.0,35141.0,37246.0,37048.0,25077.0,28405.0,27052.0,27321.0,33137.0,34696.0,35653,34015.0,30697.0,33955.0,38057.0,35275.0,36666.0,38240.0,39828.0,43955.0,40725.0,43772.0,35664.0,44624,42008,42545,46969.0,43342.0,52597,53700,49203,50998.0,49540,49267.0,48487,50732,48625,53979,47843.0,52770,54290.0,64237,63713,74204,73317,77872.0,80966,90010.0,76430,59159,67716.0,67981.0,69455,72835.0,69100.0,75199,79964,79799.0,82820.0,95243.0,82820.0,85967.0
Dragør,6251.0,6472.0,6364.0,6246.0,6158.0,6438.0,6573.0,6261.0,5969.0,6398.0,6272.0,6229.0,6983.0,6703.0,6727.0,7197.0,6739.0,8059.0,8108.0,8375.0,8830.0,9208.0,9129.0,10035.0,9603.0,10515.0,12019.0,11596.0,12021.0,11485.0,12332.0,11973.0,11910.0,12342.0,12966.0,13220.0,13040.0,12660.0,14936.0,16129.0,14115.0,14907.0,14389.0,14297.0,14566.0,13961.0,14490.0,13628.0,16889,16299.0,18041.0,15366,17992.0,20587,19761,23984,25904.0,27164.0,26416.0,27885.0,26814.0,29851.0,28954,23742.0,26801.0,24872,26575.0,23058.0,22542.0,18738.0,20278,21627.0,21636.0,22044.0,21521.0,23537.0,22113.0,20999.0,22463.0,22664.0,23083.0,19853.0,20733.0,21718.0,22948,23766.0,23803.0,23063.0,24022.0,22705.0,23788.0,24293.0,23645.0,26134.0,26210.0,26137.0,26962.0,27565,25777,27262,25850.0,27822.0,27944,28602,30477,28407.0,28044,29931.0,28374,29640,29270,31196,29128.0,32128,33646.0,31565,35614,39863,37155,38977.0,39221,39422.0,40516,34325,33809.0,33105.0,35803,33492.0,34092.0,35732,41012,36299.0,36361.0,38579.0,40652.0,38324.0
Tårnby,5747.0,6003.0,6075.0,5856.0,5275.0,5860.0,5976.0,5916.0,6196.0,6167.0,6113.0,5968.0,6172.0,6299.0,6316.0,6911.0,6727.0,6933.0,7277.0,7523.0,7458.0,8474.0,8891.0,9189.0,9153.0,9758.0,9679.0,9878.0,10095.0,10506.0,10608.0,10738.0,9645.0,11759.0,11454.0,12004.0,12361.0,12348.0,13047.0,13167.0,12894.0,13776.0,13324.0,13548.0,13189.0,13704.0,14085.0,13729.0,14809,14968.0,15562.0,16952,16593.0,19156,20000,22150,24487.0,26348.0,25070.0,24555.0,23225.0,23945.0,23831,23753.0,22341.0,22000,21295.0,19066.0,17070.0,17431.0,18028,18241.0,18108.0,19127.0,19467.0,19670.0,19038.0,19674.0,19129.0,18896.0,17417.0,18042.0,19078.0,18386.0,18540,19386.0,21018.0,20756.0,20155.0,21159.0,22462.0,21727.0,22256.0,23639.0,23595.0,23417.0,25013.0,24704,24287,25927,25551.0,27989.0,27506,27322,27121,27916.0,27943,27824.0,28288,28657,28114,29438,28553.0,28693,29363.0,29819,32239,36583,36839,34563.0,35810,35743.0,33857,30287,30923.0,31249.0,33712,34524.0,32718.0,35569,34602,35794.0,36833.0,37717.0,38196.0,39559.0
Albertslund,5240.0,5408.0,5417.0,5341.0,5130.0,4773.0,5746.0,5492.0,5616.0,5235.0,5475.0,5455.0,6318.0,6160.0,6197.0,6238.0,6571.0,6568.0,7248.0,7574.0,7718.0,8260.0,7797.0,8729.0,7602.0,9026.0,8272.0,8743.0,9179.0,9246.0,9845.0,9993.0,9927.0,10457.0,10544.0,9839.0,10922.0,10827.0,10269.0,10671.0,12012.0,11536.0,11341.0,12321.0,12304.0,12327.0,12633.0,12832.0,12319,12892.0,14062.0,14656,14912.0,16194,17382,17804,18667.0,20581.0,21372.0,21221.0,20732.0,20233.0,19054,18189.0,18770.0,18378,17984.0,16401.0,15775.0,15327.0,15478,15831.0,16499.0,16128.0,15860.0,17309.0,17045.0,16268.0,15363.0,15549.0,15404.0,15444.0,15830.0,15374.0,14771,16232.0,15041.0,15703.0,15412.0,16657.0,16212.0,16512.0,16617.0,17284.0,17749.0,17595.0,17802.0,18469,19612,18988,19830.0,20553.0,19403,19643,20223,20710.0,20666,21841.0,20454,21093,20043,21112,21970.0,21426,22015.0,22304,24771,23988,23571,24818.0,24458,23885.0,24804,23622,23417.0,23360.0,23703,24200.0,23486.0,24548,24941,26799.0,25775.0,26986.0,26986.0,27837.0
Ballerup,5696.0,6015.0,5771.0,5203.0,5925.0,5647.0,5813.0,6163.0,6132.0,6292.0,6770.0,6474.0,6379.0,6803.0,7196.0,7006.0,7622.0,8094.0,7769.0,8400.0,8647.0,8596.0,9203.0,9286.0,9232.0,9989.0,9853.0,10473.0,10242.0,10724.0,11071.0,11092.0,10696.0,11131.0,12114.0,11476.0,12189.0,12152.0,12408.0,12431.0,13059.0,13035.0,13260.0,12755.0,12529.0,13374.0,12881.0,13194.0,14333,15000.0,15877.0,16584,16690.0,17763,20267,21326,22071.0,23498.0,24559.0,21869.0,23464.0,24011.0,23347,22465.0,21067.0,21310,20585.0,17216.0,17168.0,17277.0,17137,18867.0,17852.0,19766.0,19143.0,19853.0,20740.0,19407.0,18928.0,17961.0,17319.0,17055.0,19122.0,17787.0,17451,18638.0,19253.0,17828.0,16996.0,18745.0,19716.0,19917.0,19495.0,20457.0,21138.0,19692.0,21434.0,21811,21410,22152,22131.0,22655.0,22088,23272,23045,23848.0,23531,23291.0,24341,24302,24665,24458,23892.0,25538,25359.0,28231,27534,30590,30285,31079.0,30121,30865.0,29330,29404,28512.0,27256.0,29300,29008.0,29088.0,30221,30813,29746.0,33281.0,34546.0,35444.0,35245.0
Brøndby,5663.0,6501.0,5947.0,5846.0,4823.0,6205.0,6752.0,6263.0,6934.0,6414.0,6342.0,5963.0,6350.0,6671.0,6709.0,7133.0,7357.0,7416.0,6920.0,8378.0,7877.0,9331.0,9046.0,8872.0,9703.0,9457.0,10749.0,10770.0,10148.0,11235.0,10985.0,10603.0,10791.0,11640.0,11403.0,11172.0,11373.0,11651.0,12328.0,12842.0,12680.0,12802.0,13501.0,13162.0,12329.0,13389.0,13718.0,13349.0,13100,14494.0,15555.0,16397,16515.0,17474,19421,20873,21987.0,24701.0,23711.0,24287.0,22428.0,22484.0,20567,21766.0,19132.0,21214,19163.0,18290.0,17028.0,16143.0,16747,17001.0,17084.0,18105.0,18456.0,18519.0,17306.0,19196.0,17387.0,19431.0,16526.0,16568.0,15818.0,16400.0,17249,16345.0,17724.0,16245.0,18263.0,17751.0,18516.0,18488.0,18601.0,18717.0,19444.0,20466.0,21158.0,20900,21378,21419,20687.0,22329.0,21765,22261,22929,23537.0,22268,23873.0,24036,24433,24765,23950,24475.0,24144,25751.0,25912,27702,28183,29788,28686.0,30537,29497.0,29286,26125,27103.0,26368.0,26712,25921.0,28633.0,29854,28456,29431.0,30949.0,30175.0,31506.0,32589.0
Gentofte,6783.0,7378.0,7288.0,6860.0,6692.0,6840.0,7348.0,7667.0,7652.0,8114.0,8119.0,8204.0,8018.0,8256.0,8912.0,9267.0,9444.0,9119.0,9467.0,10282.0,10462.0,10344.0,11035.0,10564.0,11802.0,12685.0,13159.0,12808.0,13263.0,13724.0,14156.0,13716.0,14408.0,14805.0,15993.0,16040.0,16514.0,16711.0,16819.0,17129.0,17475.0,17331.0,17222.0,18166.0,17590.0,17700.0,18656.0,17539.0,19688,20004.0,22731.0,22843,24872.0,27125,29973,31944,35761.0,37020.0,36190.0,38038.0,36114.0,34251.0,33415,33397.0,32308.0,30940,29845.0,27759.0,25799.0,26529.0,28160,28427.0,30179.0,31926.0,32184.0,31726.0,32193.0,30414.0,28593.0,29322.0,29012.0,28675.0,29856.0,29438.0,30475,32221.0,31586.0,31373.0,32411.0,33656.0,33961.0,34237.0,33574.0,36560.0,35295.0,36788.0,36060.0,36767,39197,39404,40616.0,41306.0,41881,40977,41285,41921.0,42675,42353.0,43232,44028,45592,45414,45853.0,46541,48728.0,52652,55083,58967,59519,62877.0,63399,63581.0,59112,54914,52584.0,58970.0,57708,56496.0,56506.0,56348,56866,63441.0,63309.0,63562.0,64892.0,70210.0
Gladsaxe,6157.0,6163.0,6374.0,5533.0,5850.0,6147.0,6300.0,6370.0,6470.0,6505.0,6629.0,6712.0,6514.0,7060.0,7368.0,7459.0,8127.0,8060.0,8495.0,8685.0,8850.0,9427.0,9675.0,9490.0,10071.0,10946.0,11451.0,11188.0,11446.0,11180.0,11674.0,11850.0,11721.0,12136.0,12813.0,12829.0,13362.0,13855.0,13951.0,13386.0,14144.0,14292.0,14915.0,14705.0,14782.0,15264.0,15421.0,15610.0,15853,16907.0,16357.0,17658,19171.0,20543,22434,25107,27100.0,28892.0,28480.0,27366.0,26904.0,26265.0,26031,24643.0,26033.0,25073,22221.0,21267.0,19012.0,20066.0,20129,20384.0,20828.0,22168.0,21775.0,23196.0,23769.0,23582.0,22578.0,20727.0,20260.0,20933.0,21143.0,22526.0,21757,23034.0,22456.0,23109.0,23016.0,22696.0,23387.0,24127.0,26113.0,25957.0,26899.0,26786.0,28260.0,29058,29651,28330,28676.0,28547.0,29430,28611,29440,30479.0,32299,30902.0,29975,32333,31526,31117,32293.0,32707,33215.0,33042,34217,37238,38769,39277.0,39846,40158.0,37385,36348,36647.0,36071.0,37903,38726.0,38884.0,40007,40931,41064.0,43392.0,44694.0,44650.0,48209.0
Glostrup,5401.0,5106.0,4992.0,4602.0,4490.0,5017.0,5524.0,4687.0,5234.0,5947.0,5524.0,5953.0,5243.0,6421.0,6484.0,6680.0,6602.0,7258.0,7664.0,7728.0,8054.0,7775.0,8602.0,8053.0,9276.0,8540.0,8988.0,8922.0,9343.0,9838.0,9861.0,10252.0,10395.0,10186.0,9792.0,10484.0,10960.0,11137.0,11218.0,10631.0,11413.0,12439.0,12125.0,12458.0,12293.0,12918.0,12855.0,12425.0,14024,14085.0,13056.0,15548,16230.0,17725,19719,21743,23121.0,20844.0,23815.0,23765.0,22321.0,24218.0,22787,22522.0,19490.0,18894,19701.0,19214.0,15429.0,18577.0,16744,17714.0,18918.0,18103.0,19782.0,17845.0,17551.0,16224.0,17660.0,16414.0,17136.0,16106.0,17443.0,18082.0,18053,17689.0,19555.0,17760.0,16695.0,18092.0,18465.0,19290.0,18699.0,19710.0,20947.0,20748.0,20769.0,22176,21390,22033,22067.0,22311.0,22447,24176,24248,25219.0,24833,25878.0,24167,23486,26628,24371,24525.0,25110,25492.0,26732,27708,29318,30111,30264.0,32052,31831.0,30695,29238,25866.0,28410.0,30474,28096.0,28450.0,30041,30586,31047.0,30121.0,32742.0,32922.0,34910.0
Herlev,5949.0,6122.0,6841.0,5470.0,5100.0,5599.0,6326.0,5588.0,6182.0,5894.0,6676.0,6273.0,6683.0,6537.0,6987.0,6854.0,7135.0,8173.0,7459.0,8177.0,8713.0,8697.0,8867.0,9616.0,9412.0,10076.0,9776.0,9329.0,10390.0,10509.0,10783.0,10924.0,10375.0,11119.0,11988.0,11523.0,11355.0,12250.0,12270.0,11632.0,12557.0,12718.0,13090.0,13264.0,13466.0,13440.0,13933.0,13690.0,13804,15467.0,15666.0,15719,17048.0,18489,19475,21560,22692.0,24157.0,24072.0,23515.0,23612.0,23475.0,22732,21360.0,21129.0,21574,21193.0,16876.0,16294.0,17749.0,17692,17969.0,18488.0,20009.0,18945.0,20090.0,21041.0,19813.0,19598.0,17983.0,17469.0,17261.0,17932.0,18506.0,19287,17561.0,18501.0,18763.0,20104.0,19248.0,20400.0,19192.0,20896.0,21710.0,23281.0,21784.0,23291.0,24744,23075,24048,23141.0,23681.0,26033,24930,24426,25171.0,25983,25188.0,25482,26583,27129,27625,26511.0,27730,27377.0,28229,30070,31458,32240,32693.0,32319,30951.0,31012,31200,29206.0,29943.0,28900,31071.0,30886.0,31625,32234,33274.0,32693.0,34557.0,34622.0,36976.0
Hvidovre,5399.0,5772.0,5249.0,5830.0,5440.0,5368.0,5773.0,5775.0,5713.0,5852.0,6023.0,5996.0,6243.0,5940.0,6374.0,6718.0,6790.0,7092.0,7320.0,7880.0,7888.0,8482.0,8635.0,8550.0,8978.0,9308.0,9311.0,9395.0,10398.0,10411.0,10205.0,10609.0,10526.0,10639.0,10930.0,11196.0,11510.0,11768.0,12228.0,12112.0,12219.0,12303.0,13029.0,12650.0,13468.0,13016.0,13221.0,13762.0,13973,14440.0,15088.0,15772,16291.0,18959,19288,20567,23355.0,23962.0,24195.0,22998.0,23086.0,24026.0,22306,22601.0,21907.0,21788,21048.0,18256.0,15973.0,16822.0,17874,17142.0,19088.0,19285.0,19285.0,18210.0,19437.0,19829.0,17570.0,17986.0,17197.0,16689.0,17591.0,17404.0,18517,18178.0,19252.0,18352.0,19328.0,20057.0,20693.0,20114.0,21482.0,22839.0,23389.0,23607.0,23200.0,23005,23383,23765,23931.0,24375.0,25105,25131,25603,25511.0,27886,27192.0,25612,28445,27993,26485,28272.0,28827,29924.0,30189,32869,35311,35498,36209.0,35639,35118.0,32555,32146,32411.0,32804.0,33192,33782.0,33333.0,35003,36402,35493.0,36377.0,38050.0,39651.0,41724.0
Høje-Taastrup,5156.0,5522.0,5438.0,5014.0,5043.0,5778.0,5807.0,5944.0,5877.0,5875.0,6095.0,5809.0,6006.0,6222.0,6584.0,6936.0,6897.0,7111.0,7505.0,6933.0,7649.0,8264.0,8550.0,8991.0,8820.0,9213.0,9289.0,9385.0,9614.0,10445.0,10447.0,10536.0,10774.0,10324.0,11107.0,10415.0,11415.0,11402.0,11035.0,11194.0,11663.0,11704.0,11860.0,12571.0,12479.0,13080.0,13292.0,12121.0,13248,13238.0,14031.0,14536,14681.0,15918,16975,17996,20690.0,21216.0,21091.0,20609.0,20563.0,20625.0,21260,20019.0,19214.0,18714,18667.0,17223.0,14804.0,15089.0,16012,15592.0,16630.0,16589.0,17385.0,16201.0,16018.0,15948.0,16131.0,14770.0,14446.0,14677.0,14926.0,15455.0,14722,15572.0,15024.0,16142.0,15246.0,16169.0,16258.0,15784.0,16945.0,17354.0,17311.0,17471.0,17394.0,19894,19534,19191,18432.0,19689.0,20228,19659,20293,19536.0,20142,20600.0,21492,21039,20577,20350,21357.0,20841,22055.0,22947,24112,25112,25336,24898.0,26414,26271.0,26576,25196,23202.0,23918.0,24511,24303.0,24297.0,25475,24965,24606.0,26946.0,27135.0,27027.0,29102.0
Ishøj,5119.0,5240.0,5070.0,5611.0,4753.0,5602.0,4831.0,5029.0,5288.0,4978.0,4914.0,4910.0,5790.0,5253.0,6094.0,6258.0,5988.0,6924.0,7190.0,6692.0,7184.0,7716.0,8234.0,7671.0,7924.0,9516.0,9175.0,8340.0,9533.0,9657.0,10134.0,10628.0,10279.0,9660.0,10782.0,10745.0,10591.0,10789.0,11239.0,11451.0,11594.0,11533.0,11902.0,12499.0,13035.0,12910.0,12985.0,13414.0,12871,13554.0,13792.0,14880,14706.0,15663,17152,18223,20693.0,21252.0,21517.0,20207.0,21913.0,20811.0,21119,20152.0,19185.0,18206,17054.0,16923.0,14747.0,14792.0,15789,15648.0,14173.0,15381.0,16471.0,16576.0,15061.0,15589.0,14671.0,12720.0,14508.0,13912.0,15589.0,15527.0,14308,14179.0,15690.0,14322.0,15056.0,15161.0,15067.0,15356.0,15825.0,17834.0,16730.0,17930.0,17661.0,17997,18789,18082,18705.0,19614.0,19990,19476,19792,20279.0,20059,19602.0,20584,20482,20195,21471,20341.0,20745,21624.0,23626,21917,23712,23862,25141.0,24817,26816.0,25577,24686,23349.0,25250.0,24233,25240.0,25452.0,24334,24071,25169.0,25715.0,27309.0,27181.0,27901.0
Lyngby-Taarbæk,6937.0,6670.0,6400.0,6382.0,6511.0,6793.0,6862.0,6840.0,7087.0,7930.0,7911.0,7727.0,7368.0,8173.0,8248.0,8853.0,8959.0,8918.0,9344.0,9647.0,9664.0,10701.0,10549.0,10743.0,11257.0,11113.0,12825.0,12037.0,12351.0,12964.0,13710.0,13045.0,14105.0,14391.0,15539.0,14605.0,15551.0,15661.0,17107.0,16245.0,16641.0,16195.0,15526.0,16528.0,16298.0,16758.0,17176.0,17389.0,18414,19180.0,20143.0,20885,22415.0,25078,26978,29210,30204.0,33034.0,31900.0,31938.0,30505.0,31286.0,28593,29485.0,28133.0,27327,25959.0,23517.0,21434.0,22186.0,23188,23704.0,25947.0,25726.0,26818.0,27480.0,25890.0,26609.0,24362.0,25915.0,24530.0,24297.0,24512.0,25379.0,24908,26869.0,27053.0,26799.0,26764.0,28576.0,27955.0,28102.0,29722.0,32019.0,30750.0,31162.0,32469.0,32561,33194,32556,33462.0,34091.0,32923,34626,34367,34759.0,34764,34161.0,35528,35769,35044,36211,36992.0,36436,39249.0,41274,41949,46562,46937,46279.0,48494,47671.0,46308,44700,43395.0,44895.0,43659,43828.0,45598.0,46800,48282,49881.0,51244.0,52730.0,53755.0,53909.0
Rødovre,5684.0,5627.0,5536.0,5529.0,4914.0,5610.0,5845.0,6066.0,5902.0,5953.0,6368.0,5452.0,6313.0,6417.0,6690.0,6562.0,7119.0,7090.0,7164.0,7797.0,8029.0,8120.0,8546.0,8831.0,8817.0,9370.0,9509.0,10133.0,9896.0,10116.0,10418.0,10149.0,10558.0,10544.0,11343.0,11710.0,11636.0,12221.0,12176.0,12364.0,12563.0,13360.0,12983.0,13024.0,14140.0,13972.0,13196.0,14454.0,14901,14892.0,16337.0,15347,16423.0,18015,19895,21858,24207.0,24726.0,23388.0,22623.0,22880.0,23699.0,23539,22876.0,22371.0,21715,21156.0,19478.0,17898.0,17920.0,18091,17522.0,18575.0,19185.0,19306.0,20923.0,18441.0,20142.0,18362.0,18428.0,17401.0,17529.0,17486.0,18880.0,19058,19635.0,19921.0,19495.0,19857.0,20883.0,20790.0,21087.0,22158.0,22627.0,24049.0,24724.0,21542.0,23488,24761,25742,24364.0,26088.0,25612,27174,27270,26454.0,28953,28057.0,27418,28656,27157,28013,28603.0,29920,29647.0,30241,32339,33330,36166,35121.0,34116,33381.0,31852,31408,30721.0,31364.0,32309,35983.0,34872.0,34472,34457,38375.0,37016.0,39052.0,42050.0,40570.0
Vallensbæk,7820.0,7737.0,7800.0,6905.0,7308.0,6519.0,6466.0,6881.0,6916.0,7297.0,6962.0,7656.0,7436.0,7355.0,7849.0,8202.0,8468.0,9645.0,9222.0,9126.0,9258.0,10510.0,10046.0,10254.0,10088.0,11759.0,11768.0,11195.0,12738.0,12330.0,11560.0,12908.0,12453.0,13023.0,12396.0,13203.0,13587.0,13599.0,13702.0,13538.0,14670.0,14783.0,14381.0,15380.0,14592.0,14179.0,15059.0,15587.0,15455,15789.0,15863.0,17441,17046.0,17289,21201,21733,23646.0,25441.0,25141.0,22915.0,24686.0,23533.0,23212,22798.0,20386.0,21129,20538.0,18575.0,16984.0,18046.0,17408,18991.0,18596.0,19632.0,19649.0,19096.0,20359.0,19228.0,18456.0,18106.0,18310.0,18040.0,18938.0,19094.0,18433,18471.0,18817.0,19942.0,19977.0,19700.0,18772.0,19475.0,20683.0,21026.0,21723.0,21689.0,21481.0,22322,22655,22423,22918.0,23935.0,23173,24279,24743,24104.0,24544,24332.0,23732,24632,25277,25279,25962.0,25001,29126.0,27882,27185,30847,28296,29967.0,30689,29903.0,31724,29770,27398.0,28001.0,29573,29213.0,31817.0,30088,30258,29325.0,30827.0,31659.0,34310.0,34927.0
Allerød,5939.0,6144.0,5789.0,5900.0,5890.0,5456.0,6815.0,6365.0,6573.0,6519.0,6731.0,6399.0,6734.0,7154.0,7023.0,6846.0,7813.0,7980.0,8097.0,8523.0,8724.0,9073.0,9046.0,9213.0,9825.0,10410.0,9837.0,10912.0,10821.0,10543.0,11951.0,11198.0,11677.0,11976.0,11786.0,12197.0,13074.0,12709.0,13072.0,13746.0,13676.0,13562.0,13427.0,14727.0,13364.0,14898.0,14196.0,14832.0,14424,15485.0,15881.0,16155,16741.0,18410,20306,20947,21353.0,23556.0,25998.0,25415.0,25254.0,23053.0,24724,22944.0,22937.0,22076,20574.0,18559.0,17401.0,17100.0,18332,17919.0,19152.0,18757.0,20835.0,20390.0,18669.0,19819.0,18357.0,18183.0,17336.0,18256.0,18001.0,17137.0,18406,18282.0,18703.0,19237.0,18755.0,20054.0,19581.0,19359.0,18749.0,19427.0,20029.0,19924.0,21024.0,20726,20746,20778,21179.0,21758.0,22526,21315,21934,22770.0,22576,22853.0,23327,23265,23535,24455,23490.0,24417,25387.0,26115,26687,29147,30775,29346.0,29046,31228.0,31336,28434,28856.0,26845.0,28954,29338.0,30159.0,30377,30737,29809.0,31527.0,32221.0,31243.0,34270.0
Egedal,5241.0,5654.0,5393.0,4936.0,4901.0,5131.0,5595.0,5444.0,5528.0,5873.0,5704.0,5752.0,5994.0,5852.0,6425.0,6542.0,7194.0,7346.0,7364.0,7599.0,7814.0,8162.0,8487.0,8169.0,8553.0,8965.0,9358.0,9588.0,9841.0,9820.0,10194.0,10224.0,10236.0,10656.0,10431.0,11111.0,10019.0,11221.0,11104.0,11139.0,12448.0,12207.0,12122.0,12204.0,12900.0,12914.0,12818.0,13200.0,13065,13004.0,14180.0,14118,15943.0,16533,16899,19020,19674.0,22598.0,22353.0,22027.0,22448.0,21155.0,20853,21063.0,19579.0,19853,18811.0,18053.0,16712.0,15649.0,16181,16549.0,15589.0,17229.0,17492.0,16437.0,16505.0,16847.0,16200.0,16373.0,15573.0,15893.0,15858.0,15448.0,15943,14921.0,16485.0,16367.0,16079.0,16189.0,16490.0,16811.0,17443.0,17972.0,17421.0,19191.0,19113.0,19285,18904,19632,19569.0,19785.0,20522,19686,20152,20820.0,20306,20889.0,21024,20593,20726,21284,21068.0,21784,21702.0,22955,23467,24681,25364,25032.0,25450,26376.0,24739,22956,24565.0,24254.0,25736,24765.0,25150.0,25935,26241,26515.0,26128.0,26886.0,28035.0,28845.0
Fredensborg,5788.0,6094.0,5724.0,5609.0,5420.0,5769.0,5934.0,6289.0,5928.0,6430.0,6833.0,6363.0,6458.0,6771.0,6965.0,7148.0,7162.0,8072.0,8046.0,7719.0,8703.0,9129.0,9265.0,9558.0,9295.0,10106.0,10769.0,10735.0,10996.0,11274.0,11251.0,10907.0,11737.0,12227.0,12637.0,12996.0,12660.0,13135.0,12966.0,12796.0,13710.0,13596.0,13899.0,14498.0,13889.0,14862.0,14901.0,14292.0,14913,15014.0,15127.0,15751,16298.0,17636,20279,21227,24170.0,24748.0,25198.0,26069.0,24012.0,24567.0,23482,23996.0,22969.0,22240,22260.0,19515.0,17796.0,16622.0,17132,17363.0,17854.0,18184.0,18598.0,18895.0,19095.0,18351.0,16845.0,17487.0,16881.0,16788.0,18326.0,17222.0,16151,16733.0,16268.0,16554.0,17449.0,17713.0,18740.0,17335.0,18049.0,19149.0,19471.0,19451.0,18974.0,19536,20369,19649,19361.0,21611.0,21894,21263,22501,22134.0,22511,22582.0,21964,23812,23087,24092,23262.0,23873,24678.0,24561,27413,27778,30289,28127.0,30830,29677.0,30323,28055,26833.0,28682.0,27815,29126.0,27971.0,30495,31301,30985.0,30790.0,33715.0,32299.0,33469.0
Frederikssund,5020.0,4870.0,4586.0,4558.0,4644.0,4667.0,4863.0,4785.0,4981.0,4900.0,5036.0,4795.0,5058.0,5488.0,5228.0,5523.0,5431.0,6087.0,5936.0,6183.0,6587.0,6837.0,7085.0,7124.0,7186.0,7671.0,7225.0,7940.0,7930.0,8468.0,8510.0,8619.0,8567.0,8938.0,9138.0,9559.0,10234.0,10395.0,9633.0,9593.0,11142.0,10643.0,10413.0,11054.0,11118.0,11408.0,11780.0,10698.0,11753,11656.0,11932.0,13148,13073.0,14362,14305,16222,17447.0,18457.0,19639.0,19063.0,19926.0,19210.0,20185,18633.0,17930.0,18220,16580.0,14914.0,13992.0,13942.0,13703,13062.0,14013.0,14656.0,14514.0,13590.0,15551.0,14180.0,12848.0,12985.0,12492.0,13359.0,12593.0,12520.0,12595,12658.0,12852.0,12020.0,11776.0,13120.0,13220.0,12549.0,13495.0,13428.0,14187.0,13741.0,14480.0,14577,15206,14351,16115.0,16146.0,15798,16740,15805,16056.0,16226,16902.0,16560,16444,16436,16765,16674.0,17147,17261.0,17504,18046,18406,19765,19776.0,19530,19330.0,17858,19036,18587.0,19552.0,18985,18498.0,19001.0,20501,19658,19723.0,20565.0,20791.0,21305.0,20915.0
Furesø,6256.0,6083.0,6501.0,5625.0,6133.0,6229.0,6743.0,6337.0,6843.0,7130.0,7218.0,7062.0,7422.0,7515.0,7771.0,8050.0,7997.0,8700.0,8788.0,8996.0,9255.0,9621.0,10112.0,10547.0,10799.0,10986.0,10217.0,11181.0,11641.0,11781.0,12080.0,11481.0,12050.0,12477.0,12463.0,12735.0,12400.0,13421.0,13956.0,12860.0,14231.0,14216.0,14252.0,15098.0,14305.0,14288.0,14771.0,14423.0,14922,16163.0,16273.0,16859,17735.0,19044,21226,20769,24851.0,25848.0,25873.0,27627.0,27771.0,27242.0,25182,25707.0,25297.0,24072,22169.0,20831.0,18194.0,19692.0,19791,21727.0,20381.0,21253.0,21472.0,21777.0,21120.0,22233.0,21975.0,20592.0,21590.0,19921.0,19813.0,20982.0,21490,21439.0,20473.0,21996.0,21900.0,22647.0,22753.0,21476.0,24089.0,24452.0,24644.0,23794.0,23406.0,25489,25280,24874,25396.0,26739.0,26029,26126,27447,27692.0,27181,27578.0,27277,27131,29078,28911,27504.0,29032,29197.0,29813,32554,35397,37078,35244.0,35046,35782.0,34305,34661,33240.0,34207.0,35161,36936.0,35757.0,36094,34288,37775.0,38231.0,39760.0,37275.0,40754.0
Gribskov,4506.0,4687.0,4581.0,4184.0,4381.0,4239.0,4778.0,4855.0,4863.0,4743.0,4908.0,4856.0,4733.0,4991.0,5199.0,5323.0,5371.0,6020.0,6076.0,6050.0,6196.0,6997.0,6902.0,7059.0,7157.0,7963.0,8063.0,7810.0,8000.0,8844.0,8490.0,8730.0,9317.0,9470.0,9185.0,9183.0,9903.0,10336.0,10114.0,9908.0,10352.0,11055.0,11464.0,10965.0,11338.0,12125.0,11354.0,11755.0,12017,12521.0,13153.0,13243,13986.0,14416,15737,15641,18171.0,18359.0,20320.0,18282.0,20403.0,19845.0,19018,18743.0,18150.0,17024,16605.0,14306.0,13204.0,13636.0,13222,13053.0,13051.0,13944.0,13745.0,13887.0,12746.0,13798.0,12042.0,12269.0,10147.0,11544.0,11203.0,10658.0,10847,11315.0,10579.0,11566.0,11368.0,11242.0,12257.0,11304.0,12232.0,12965.0,13496.0,12675.0,13521.0,13028,13754,13777,13240.0,13820.0,14660,13624,14210,14227.0,14687,14889.0,14586,15382,15364,15604,15558.0,16276,16762.0,16867,17862,18669,18586,18008.0,19201,19778.0,19409,17690,18366.0,18929.0,19390,18012.0,18725.0,19102,19863,19142.0,18978.0,20306.0,20117.0,20344.0
Halsnæs,4298.0,4140.0,4115.0,4321.0,3919.0,4240.0,4349.0,4199.0,4452.0,4294.0,4397.0,4247.0,4224.0,4618.0,4892.0,4657.0,4973.0,5201.0,5091.0,5765.0,5675.0,5995.0,6335.0,6360.0,6351.0,6978.0,6700.0,7336.0,7111.0,7103.0,7716.0,8238.0,8200.0,8273.0,8630.0,8466.0,8769.0,8714.0,8815.0,9191.0,9770.0,9559.0,10170.0,9255.0,9456.0,10344.0,10271.0,10477.0,10833,10731.0,11036.0,11595,11488.0,12721,13367,14239,15117.0,16337.0,17675.0,17946.0,17978.0,18020.0,17053,16873.0,16331.0,16249,14471.0,12197.0,11630.0,11785.0,10992,11903.0,11965.0,11399.0,10426.0,11351.0,10616.0,9654.0,10396.0,9044.0,9526.0,9652.0,9747.0,10524.0,9259,9668.0,10496.0,9492.0,9159.0,8993.0,9347.0,8358.0,9674.0,9600.0,10389.0,9833.0,10303.0,10796,10249,11001,11386.0,12299.0,11744,11540,12040,12701.0,12474,12922.0,13108,12883,12812,13226,13010.0,13096,13908.0,14766,14975,15620,16622,16535.0,16138,16988.0,16442,15686,15306.0,15322.0,14993,15048.0,15882.0,16996,16339,15404.0,16742.0,16926.0,17579.0,18383.0
Helsingør,5751.0,5406.0,5590.0,5235.0,5221.0,5193.0,5683.0,5745.0,5530.0,6061.0,6158.0,6173.0,5873.0,5840.0,6198.0,6662.0,6545.0,7351.0,7755.0,8066.0,8091.0,8322.0,8495.0,8025.0,8460.0,9596.0,9085.0,9514.0,10816.0,10875.0,10812.0,11219.0,10864.0,10787.0,11520.0,11943.0,12148.0,12805.0,12815.0,12911.0,13456.0,13412.0,13215.0,13809.0,12971.0,13921.0,14739.0,13711.0,14624,15108.0,15571.0,15597,17589.0,18553,20745,22501,22889.0,24310.0,25763.0,25974.0,25499.0,24177.0,24234,22593.0,24184.0,20943,21134.0,19238.0,16177.0,16394.0,17979,18491.0,17968.0,18223.0,19083.0,18023.0,19118.0,17613.0,18011.0,16775.0,17650.0,16634.0,16728.0,18639.0,16361,15801.0,16563.0,16999.0,16367.0,17134.0,17504.0,17668.0,17797.0,18981.0,19095.0,18583.0,19120.0,19597,19721,20157,19748.0,20228.0,21677,21567,20698,21597.0,21518,21730.0,21790,22065,22845,22210,22152.0,22801,24794.0,24507,26285,26709,29744,29118.0,29465,30848.0,28036,26390,26923.0,27170.0,27943,27924.0,28785.0,27366,28298,30612.0,31053.0,30742.0,31115.0,32357.0
Hillerød,4847.0,5632.0,5688.0,5528.0,5075.0,5405.0,5453.0,5130.0,5592.0,5713.0,5677.0,6022.0,5582.0,6125.0,6504.0,6508.0,6394.0,7498.0,7169.0,7784.0,7562.0,7694.0,8536.0,8175.0,8395.0,8425.0,9000.0,9112.0,9215.0,9646.0,9824.0,9842.0,10065.0,10212.0,10358.0,10762.0,10918.0,12259.0,11759.0,12291.0,11820.0,12482.0,12018.0,12369.0,11078.0,13386.0,12788.0,13230.0,13386,13562.0,14169.0,14386,15085.0,16887,17515,19605,19969.0,21098.0,22046.0,23098.0,23400.0,22256.0,21880,21767.0,19425.0,20166,20302.0,17223.0,16490.0,15648.0,16889,15012.0,16150.0,17247.0,17345.0,17584.0,18176.0,16711.0,16766.0,15759.0,15524.0,15943.0,14355.0,15319.0,15730,15271.0,15043.0,16019.0,15803.0,15985.0,16327.0,16347.0,16136.0,17708.0,17463.0,16825.0,17296.0,18340,18839,17887,19019.0,18587.0,19139,19792,20410,20148.0,19878,20353.0,20189,21312,21055,21517,21175.0,21397,22101.0,22513,23875,24744,25260,25407.0,24345,25605.0,25634,23464,25611.0,24438.0,25217,25635.0,24265.0,25633,26092,26501.0,27493.0,27768.0,28510.0,28813.0
Hørsholm,7363.0,7870.0,7416.0,7743.0,7276.0,7641.0,7448.0,7430.0,7930.0,7981.0,8761.0,9391.0,8502.0,8879.0,8609.0,9289.0,9494.0,9794.0,10865.0,10128.0,10857.0,10357.0,11369.0,11094.0,12162.0,11843.0,11693.0,12999.0,13022.0,13206.0,14047.0,13784.0,13869.0,15024.0,14942.0,14836.0,15201.0,15428.0,16247.0,16443.0,16292.0,16983.0,15863.0,15855.0,16985.0,17266.0,17702.0,17470.0,17787,17881.0,19894.0,20411,22124.0,23384,26076,26339,27976.0,32193.0,33216.0,33972.0,30980.0,29850.0,29276,28268.0,28742.0,27256,25555.0,25117.0,19488.0,21513.0,20945,24340.0,23278.0,24450.0,25188.0,24939.0,24169.0,25345.0,23808.0,22646.0,22506.0,22667.0,23460.0,23133.0,24811,22537.0,23406.0,23125.0,25888.0,24534.0,25014.0,23770.0,25387.0,25929.0,25402.0,25679.0,25477.0,26157,27813,27239,27386.0,28948.0,28771,27600,28724,29700.0,29526,28829.0,28988,28801,30753,30715,30458.0,30272,33291.0,32648,37023,40120,41604,41144.0,40054,40186.0,38096,35595,36967.0,35074.0,38525,38610.0,38857.0,38018,42283,40054.0,41540.0,42080.0,46192.0,42745.0
Rudersdal,7295.0,7075.0,6677.0,6596.0,6897.0,7181.0,7111.0,7549.0,7433.0,7588.0,7343.0,7759.0,7882.0,8593.0,8578.0,8762.0,9098.0,9179.0,9787.0,9279.0,10475.0,10837.0,11243.0,11626.0,11436.0,12210.0,11950.0,12623.0,12549.0,13361.0,13578.0,13787.0,13890.0,14582.0,15035.0,15164.0,16012.0,16389.0,16613.0,16871.0,16806.0,16463.0,16913.0,16609.0,16351.0,16979.0,17089.0,17070.0,18178,18438.0,19681.0,20110,21630.0,23619,25616,27028,29363.0,34424.0,32412.0,33064.0,31694.0,32689.0,31199,31261.0,28855.0,29171,28588.0,23290.0,22837.0,22920.0,23861,25424.0,25443.0,26817.0,25855.0,26929.0,25839.0,26389.0,24649.0,23323.0,24263.0,23940.0,24588.0,24272.0,24989,25061.0,26105.0,26069.0,25905.0,25326.0,26377.0,25360.0,26768.0,27876.0,28412.0,28628.0,27973.0,28266,27624,28812,28926.0,29605.0,29977,30353,29265,31887.0,31413,30815.0,32019,32644,33355,32508,33033.0,34494,35880.0,36363,38119,41061,44112,43941.0,46197,44641.0,42371,39151,38021.0,39308.0,42099,41814.0,40834.0,42142,41942,43945.0,44523.0,46259.0,47506.0,48931.0
Bornholm,,,,,,,,,,,,,,,,,3396.0,3155.0,3644.0,3353.0,3784.0,3610.0,3712.0,3792.0,3713.0,3756.0,3751.0,3821.0,3930.0,4069.0,3854.0,4082.0,3981.0,4074.0,4083.0,4264.0,4165.0,4478.0,4349.0,4218.0,4554.0,4647.0,4502.0,4548.0,4728.0,5002.0,4764.0,5089.0,5186,5128.0,5256.0,5553,5119.0,5821,5538,5802,6230.0,6907.0,7304.0,6976.0,7227.0,8047.0,8072,7828.0,7655.0,8137,7934.0,7512.0,7227.0,7312.0,7105,7249.0,7294.0,7432.0,6578.0,7614.0,6537.0,6604.0,6437.0,5848.0,5608.0,5411.0,5264.0,5745.0,5511,5473.0,5043.0,5045.0,5425.0,5437.0,5426.0,5070.0,4992.0,6012.0,5439.0,5550.0,5872.0,5974,5975,6508,6238.0,6284.0,6799,6701,7001,7212.0,7304,6831.0,6870,7580,7517,6913,7298.0,7444,7924.0,8396,9165,10122,9797,10176.0,10145,9633.0,10159,9593,9690.0,9137.0,9537,9943.0,9466.0,9993,10389,9947.0,9270.0,9585.0,10336.0,11309.0
Greve,5402.0,5544.0,5686.0,5545.0,5505.0,5477.0,5591.0,5661.0,6070.0,6297.0,6529.0,6186.0,6439.0,6597.0,6835.0,6899.0,7437.0,7533.0,7959.0,7914.0,8650.0,8679.0,8896.0,8902.0,9558.0,9691.0,9387.0,9837.0,10110.0,10476.0,10818.0,10759.0,10698.0,10895.0,11541.0,11603.0,11784.0,12441.0,12196.0,12252.0,12716.0,12973.0,12690.0,12566.0,13417.0,13129.0,13273.0,13272.0,13864,13716.0,14870.0,14899,15340.0,16372,18459,19279,21815.0,21985.0,22393.0,22770.0,21586.0,22052.0,21956,20182.0,20491.0,19633,19006.0,16572.0,16056.0,15984.0,15811,16670.0,16963.0,17301.0,17543.0,16200.0,17481.0,16683.0,16502.0,16018.0,15186.0,16013.0,15990.0,15750.0,15960,16054.0,16475.0,16522.0,16296.0,16805.0,17064.0,17187.0,16514.0,17707.0,18515.0,18226.0,18594.0,20184,20062,19574,19520.0,20468.0,20494,20272,20841,21292.0,22039,21401.0,21176,22632,22868,21827,23516.0,22644,23059.0,23689,25095,26373,26971,27032.0,28008,28032.0,27649,24584,23360.0,24348.0,25846,26537.0,27027.0,26322,26786,27535.0,27193.0,27982.0,29396.0,30402.0
Køge,4822.0,5157.0,5185.0,4813.0,4603.0,5151.0,5098.0,4826.0,5093.0,4855.0,4938.0,5154.0,5326.0,5420.0,5780.0,5887.0,6084.0,6219.0,6834.0,6568.0,7009.0,7232.0,7725.0,7346.0,7498.0,8334.0,8247.0,8390.0,8663.0,8906.0,8718.0,9482.0,9157.0,9453.0,9731.0,10358.0,10577.0,10578.0,10120.0,10554.0,10901.0,10806.0,10887.0,11602.0,10887.0,11094.0,11631.0,11783.0,12054,12198.0,12340.0,12438,12916.0,13701,14433,15659,17008.0,17775.0,19178.0,19095.0,19187.0,19789.0,18169,17743.0,18512.0,17943,16712.0,16048.0,14286.0,15063.0,14384,14469.0,14451.0,14158.0,14835.0,14623.0,14103.0,13216.0,13061.0,12027.0,12044.0,12912.0,13340.0,13735.0,13183,12879.0,12281.0,13359.0,13561.0,13647.0,13736.0,13411.0,13841.0,14709.0,15079.0,14504.0,14435.0,15778,16231,15306,16107.0,17006.0,16922,16656,18719,18544.0,17573,17646.0,18673,18206,18480,18858,18701.0,18481,19318.0,20045,20173,22351,21281,22152.0,21169,22599.0,22124,21185,20118.0,20844.0,21059,21818.0,21598.0,22147,22101,22856.0,22838.0,24300.0,24597.0,24117.0
Lejre,4608.0,5226.0,4935.0,4739.0,4487.0,4814.0,4671.0,5341.0,5232.0,5002.0,5223.0,5494.0,5162.0,5157.0,5410.0,6090.0,5736.0,6646.0,6317.0,6309.0,6682.0,7495.0,7299.0,7148.0,7722.0,7728.0,7610.0,8021.0,8215.0,8538.0,8715.0,8840.0,8948.0,9264.0,8893.0,9491.0,9573.0,9064.0,9745.0,9707.0,9751.0,10588.0,9972.0,10121.0,11274.0,10526.0,11144.0,11493.0,10863,11554.0,11086.0,11789,12050.0,13435,13663,13866,14363.0,16475.0,17552.0,17699.0,18592.0,16326.0,17371,18128.0,16132.0,17552,16138.0,15280.0,13486.0,12686.0,13228,12920.0,13382.0,13104.0,11853.0,13198.0,12597.0,10751.0,10575.0,11966.0,11559.0,10306.0,11348.0,10672.0,9382,10880.0,11296.0,10279.0,11219.0,11541.0,11918.0,12486.0,13426.0,12754.0,13203.0,12272.0,13224.0,13560,13545,13181,14042.0,14353.0,14679,13414,14597,14601.0,15303,14402.0,14248,16060,15789,16060,15972.0,15148,15374.0,15338,17003,17181,17366,18700.0,17633,19059.0,17777,18834,16769.0,17187.0,17489,17429.0,16043.0,17404,19509,19270.0,18494.0,19012.0,19086.0,20066.0
Roskilde,5129.0,5251.0,5201.0,5113.0,4887.0,5135.0,5588.0,5472.0,5634.0,5450.0,5557.0,5661.0,5813.0,5964.0,6151.0,6454.0,7009.0,7015.0,7029.0,7530.0,7615.0,8012.0,8125.0,8629.0,8072.0,8833.0,9070.0,9505.0,9753.0,10172.0,9856.0,10644.0,10788.0,10563.0,11292.0,11049.0,11470.0,11776.0,12093.0,11649.0,12275.0,12676.0,12823.0,12037.0,12833.0,12428.0,12895.0,12975.0,13694,13505.0,14393.0,15127,15095.0,15997,17350,19192,20554.0,22979.0,23304.0,24207.0,22551.0,23479.0,23556,21303.0,21222.0,20833,20199.0,19192.0,16323.0,15794.0,16583,16764.0,17271.0,17657.0,17490.0,17436.0,17909.0,17788.0,17244.0,16973.0,16332.0,16599.0,16408.0,16596.0,16405,17915.0,17584.0,17304.0,18246.0,17506.0,17203.0,16843.0,19386.0,19739.0,18446.0,18881.0,19350.0,19583,19442,19975,20236.0,20887.0,20017,21615,22203,20872.0,21340,21529.0,20916,22136,22824,21780,21817.0,22708,23211.0,24382,25207,25911,26687,26813.0,27473,27503.0,27256,27041,25778.0,26304.0,26247,25787.0,27185.0,26044,26660,28213.0,29117.0,28447.0,29961.0,32407.0
Solrød,5441.0,5580.0,5172.0,5407.0,4975.0,5533.0,5917.0,5591.0,5950.0,5976.0,6059.0,5545.0,5977.0,6774.0,6405.0,7212.0,7991.0,7754.0,7797.0,8256.0,8355.0,8700.0,9501.0,9056.0,9355.0,9719.0,10269.0,10090.0,10581.0,10933.0,11047.0,10482.0,10874.0,11480.0,11814.0,11980.0,11652.0,12805.0,12461.0,11905.0,12814.0,12419.0,12629.0,13225.0,12948.0,13593.0,13434.0,13984.0,14538,15186.0,16025.0,13984,15659.0,17184,18683,19424,20686.0,23668.0,25782.0,25074.0,25033.0,24254.0,22687,20486.0,22266.0,22282,19565.0,19034.0,16310.0,16021.0,17593,16162.0,17636.0,18833.0,18181.0,17832.0,19756.0,17044.0,16986.0,16893.0,16626.0,16072.0,14123.0,17139.0,16710,17404.0,16612.0,17903.0,16790.0,17071.0,16147.0,16933.0,18359.0,18158.0,18426.0,18874.0,17646.0,18947,20804,20252,19693.0,20249.0,20383,21599,21171,21126.0,21746,21913.0,23427,23782,22486,23590,23180.0,23087,25307.0,24873,27853,28401,27792,27421.0,30550,30422.0,31748,28777,26737.0,26258.0,28797,27545.0,28069.0,26367,29142,31255.0,29451.0,30423.0,31306.0,33839.0
Faxe,3900.0,4011.0,3825.0,4008.0,3708.0,3878.0,4088.0,4233.0,3732.0,4025.0,4156.0,4049.0,3923.0,4116.0,4303.0,4250.0,4845.0,4601.0,4784.0,4975.0,5114.0,5031.0,5481.0,5515.0,5360.0,5949.0,5696.0,6178.0,6407.0,6466.0,6568.0,6627.0,7326.0,7130.0,7283.0,6806.0,7568.0,7562.0,7907.0,7738.0,8177.0,8577.0,8117.0,7883.0,7741.0,8811.0,8972.0,8499.0,8819,8902.0,8726.0,9042,9668.0,10199,10336,10973,11048.0,12170.0,12710.0,12795.0,13131.0,13035.0,12893,13701.0,13325.0,13525,12638.0,11505.0,10419.0,11016.0,9940,10974.0,10682.0,9679.0,9760.0,9709.0,9607.0,8934.0,9436.0,9491.0,7676.0,8308.0,8571.0,8279.0,7979,8480.0,7040.0,7642.0,7082.0,7782.0,7507.0,8114.0,8366.0,8590.0,9068.0,9310.0,8110.0,8960,9031,9674,8768.0,10339.0,10037,9560,10614,11075.0,10880,10337.0,10960,10742,10957,10439,10661.0,11545,12107.0,11250,11957,13447,13167,13157.0,13173,12868.0,12498,11562,13107.0,12441.0,12093,12744.0,12135.0,11968,12390,12820.0,11830.0,12918.0,13096.0,13332.0
Guldborgsund,2865.0,2849.0,2806.0,2876.0,2705.0,2941.0,3134.0,3038.0,3236.0,3099.0,2915.0,2905.0,3097.0,3002.0,2898.0,3195.0,3284.0,3593.0,3188.0,3285.0,3236.0,3498.0,3646.0,3603.0,3702.0,3844.0,3803.0,3810.0,4243.0,4050.0,4248.0,4050.0,4443.0,4407.0,4529.0,4303.0,4902.0,4814.0,4876.0,4724.0,4989.0,4845.0,5064.0,5132.0,5330.0,5515.0,5742.0,5739.0,5610,6098.0,6253.0,6075,6287.0,6682,6744,7071,7447.0,8195.0,7867.0,8030.0,8509.0,8591.0,8616,8593.0,8557.0,8442,8607.0,7788.0,8140.0,7572.0,7386,7668.0,7606.0,7669.0,7168.0,7166.0,7020.0,6774.0,6343.0,6293.0,5869.0,5837.0,6078.0,5247.0,5313,5390.0,5103.0,5835.0,4743.0,5436.0,4821.0,4582.0,5146.0,5524.0,5258.0,5485.0,5147.0,5579,5720,5237,5875.0,5866.0,6132,6820,6273,6124.0,6337,6453.0,6195,6553,6495,6077,7122.0,6376,6268.0,6979,6804,7445,7518,7609.0,7656,7695.0,7815,6783,7181.0,7667.0,7061,7305.0,7890.0,7813,7544,7673.0,7525.0,8059.0,8383.0,7570.0
Holbæk,3956.0,4246.0,4162.0,3851.0,3812.0,3935.0,4353.0,4177.0,4409.0,4401.0,4318.0,4176.0,4385.0,4546.0,4490.0,4786.0,4844.0,4966.0,5182.0,5282.0,5652.0,5615.0,5759.0,5660.0,6143.0,6324.0,6224.0,6434.0,7004.0,6920.0,7062.0,7356.0,7326.0,7400.0,7280.0,7361.0,7910.0,8284.0,8011.0,8447.0,8539.0,9027.0,8640.0,8555.0,8781.0,8701.0,8853.0,9138.0,9847,9408.0,9865.0,10051,10293.0,11093,11839,11630,12344.0,13517.0,13864.0,13923.0,14338.0,14897.0,14717,14725.0,14133.0,15020,14102.0,13323.0,12949.0,11517.0,11901,11933.0,11546.0,11108.0,11943.0,10888.0,11690.0,11136.0,10083.0,10376.0,9570.0,9607.0,9215.0,9801.0,10680,10310.0,10165.0,9763.0,9546.0,10592.0,9842.0,9701.0,9666.0,11166.0,10489.0,10258.0,10449.0,10922,11058,11045,10803.0,12155.0,11818,11544,11158,12241.0,12549,11709.0,11228,11948,13242,12384,12545.0,12974,13044.0,13402,14135,14486,15045,14366.0,14172,13954.0,14425,14071,14624.0,13747.0,14542,14029.0,14621.0,15786,15612,14915.0,15710.0,15396.0,15459.0,15851.0
Kalundborg,3363.0,3315.0,3211.0,3149.0,3245.0,3460.0,3451.0,3462.0,3578.0,3525.0,3525.0,3579.0,3391.0,3530.0,3443.0,3737.0,3853.0,4029.0,3758.0,3914.0,4018.0,4315.0,4117.0,4526.0,4618.0,4826.0,4751.0,5111.0,5019.0,5022.0,5268.0,5244.0,5757.0,5709.0,5574.0,5697.0,5634.0,6101.0,6146.0,6519.0,6760.0,6599.0,6559.0,6741.0,6811.0,7457.0,7497.0,7368.0,7393,7265.0,8224.0,7762,8199.0,8094,8916,9301,9195.0,9252.0,10219.0,10401.0,10620.0,10753.0,11027,10960.0,11020.0,11536,11158.0,9980.0,9536.0,9111.0,9438,10212.0,8468.0,8365.0,8838.0,8571.0,8077.0,8274.0,8200.0,8599.0,8159.0,7902.0,7832.0,7075.0,7438,7649.0,7034.0,6524.0,7569.0,7424.0,6624.0,6613.0,7416.0,7186.0,6877.0,6741.0,7283.0,7718,7702,7686,7427.0,7988.0,8049,7577,7945,8175.0,8541,7461.0,7917,8240,8625,8444,7959.0,8764,8535.0,8934,9303,8900,9094,9275.0,10051,9653.0,9268,8558,9422.0,9190.0,9729,9824.0,10254.0,11048,10088,10947.0,10934.0,10956.0,11043.0,11098.0
Lolland,2588.0,2520.0,2375.0,2536.0,2364.0,2488.0,2593.0,2606.0,2493.0,2675.0,2512.0,2593.0,2550.0,2537.0,2552.0,2550.0,2551.0,2662.0,2578.0,2568.0,2873.0,2813.0,2717.0,2789.0,2769.0,3046.0,3070.0,3052.0,3365.0,3222.0,3081.0,3253.0,3299.0,3391.0,3241.0,3272.0,3474.0,3738.0,3497.0,3605.0,3809.0,3867.0,3844.0,3950.0,4100.0,4024.0,4280.0,4188.0,4293,4645.0,4367.0,4502,4787.0,5109,4948,5013,5745.0,5516.0,6085.0,5683.0,6001.0,6016.0,6333,6098.0,6369.0,6418,6498.0,5940.0,5635.0,5675.0,5993,5288.0,5337.0,5410.0,5399.0,5064.0,4706.0,4954.0,3982.0,4672.0,3239.0,4603.0,3723.0,3093.0,4591,3815.0,3143.0,3151.0,3357.0,3269.0,3453.0,3232.0,3312.0,3775.0,4155.0,2715.0,3215.0,3753,3542,3341,4061.0,4180.0,4015,4041,4270,4088.0,4898,4311.0,3845,3577,3782,3300,4117.0,3860,4444.0,4088,4553,5201,4746,4985.0,4872,4820.0,4447,4676,4535.0,4520.0,4522,4097.0,4746.0,4916,4592,4707.0,5231.0,5346.0,5623.0,4697.0
Næstved,3810.0,3967.0,3747.0,3344.0,3582.0,3968.0,3970.0,4273.0,3925.0,4156.0,3996.0,3712.0,4194.0,3989.0,4249.0,4280.0,4370.0,4460.0,4723.0,4727.0,5046.0,5383.0,5368.0,5326.0,5555.0,5719.0,5885.0,5719.0,6183.0,6144.0,6202.0,6404.0,6630.0,6681.0,6730.0,6867.0,7158.0,7222.0,7405.0,7508.0,7809.0,7679.0,7683.0,7837.0,7494.0,7733.0,8424.0,8349.0,8631,8374.0,8705.0,8905,9018.0,9816,10158,11328,11171.0,11724.0,12321.0,13181.0,13195.0,13072.0,13500,13602.0,12957.0,13242,12564.0,11351.0,11221.0,10941.0,10740,10428.0,11036.0,11045.0,9859.0,10627.0,10052.0,10160.0,9791.0,9204.0,8577.0,9066.0,9199.0,8945.0,9952,8181.0,8502.0,8091.0,8140.0,9189.0,8480.0,8688.0,9469.0,9489.0,9413.0,9776.0,8848.0,9257,9461,9544,9740.0,10082.0,10857,10242,10265,10633.0,10685,10664.0,11109,11025,11424,11171,11801.0,11399,11242.0,11679,11652,12523,12300,12894.0,12393,12448.0,12700,11843,11969.0,12274.0,11686,11591.0,12062.0,13174,11938,12479.0,12720.0,13178.0,13051.0,14793.0
Odsherred,3275.0,3446.0,3366.0,3247.0,2945.0,3337.0,3274.0,3474.0,3421.0,3671.0,3412.0,3625.0,3770.0,3699.0,3642.0,3611.0,3524.0,3795.0,3848.0,4026.0,3971.0,4422.0,4422.0,4341.0,4420.0,4567.0,4817.0,4994.0,5000.0,5335.0,5177.0,5157.0,5296.0,5611.0,5519.0,5789.0,6185.0,6305.0,6057.0,6312.0,6605.0,6319.0,6497.0,6444.0,6990.0,7024.0,7243.0,7295.0,7526,7876.0,7322.0,7741,8495.0,8404,9280,8730,8896.0,10143.0,10947.0,10634.0,11317.0,12013.0,11665,10897.0,11027.0,11765,10746.0,10340.0,9966.0,9471.0,9048,8049.0,9316.0,8773.0,9434.0,8012.0,7806.0,6701.0,8804.0,7595.0,6623.0,6651.0,6920.0,6484.0,7140,6277.0,7172.0,6220.0,5914.0,6146.0,6575.0,6096.0,6011.0,6471.0,6137.0,6800.0,6300.0,7078,7230,6981,7171.0,7348.0,7607,7391,7656,7662.0,7893,7991.0,8248,8078,8116,8005,8737.0,9272,8647.0,8531,9924,9464,10827,9996.0,10961,10046.0,10799,9000,9805.0,9882.0,9598,9374.0,8791.0,9101,9373,9450.0,10939.0,10797.0,11245.0,10151.0
Ringsted,4088.0,4185.0,4285.0,4388.0,4350.0,4314.0,4432.0,4562.0,4360.0,4720.0,4048.0,4266.0,4878.0,4843.0,4594.0,5146.0,4795.0,5329.0,5079.0,5338.0,6117.0,6251.0,5993.0,5996.0,6230.0,6399.0,6094.0,6648.0,6995.0,7072.0,7262.0,7285.0,7338.0,7731.0,7886.0,8134.0,8129.0,8386.0,8259.0,9320.0,8158.0,8860.0,8576.0,8967.0,8841.0,9222.0,9264.0,9706.0,9107,9548.0,9836.0,10144,10658.0,10668,11568,12013,12995.0,15461.0,15919.0,14687.0,16121.0,15381.0,14635,15186.0,14364.0,16012,13830.0,12846.0,13481.0,13073.0,12372,11118.0,11818.0,12091.0,11947.0,11943.0,11422.0,10761.0,11736.0,10721.0,10945.0,10656.0,9942.0,9909.0,10310,9638.0,9786.0,9438.0,10979.0,10816.0,10781.0,10403.0,11512.0,11995.0,10990.0,10614.0,11083.0,12215,12279,11840,11946.0,13130.0,12379,12726,13576,12932.0,12952,13642.0,13251,13580,14086,14789,13083.0,12720,13883.0,14714,14210,15265,16558,15442.0,16143,15792.0,15586,14964,15915.0,15414.0,13759,14802.0,15803.0,14904,15843,15760.0,15745.0,18028.0,16422.0,17005.0
Slagelse,3590.0,3861.0,3707.0,3752.0,3770.0,3818.0,4079.0,4169.0,3938.0,4233.0,4089.0,3946.0,4105.0,4179.0,4272.0,4361.0,4257.0,4462.0,4603.0,4687.0,5002.0,5106.0,5088.0,4976.0,5291.0,5421.0,5576.0,5527.0,5674.0,5786.0,6002.0,5686.0,5860.0,6153.0,6448.0,6160.0,6912.0,6805.0,6704.0,6821.0,7233.0,7099.0,7152.0,6976.0,7197.0,7581.0,7577.0,7834.0,7981,8447.0,8259.0,7991,9886.0,9999,9965,11076,11255.0,11129.0,11824.0,12238.0,12179.0,12427.0,12679,12166.0,12990.0,12746,12449.0,11813.0,10800.0,11050.0,10326,10548.0,10296.0,9970.0,10414.0,9666.0,9317.0,10394.0,8892.0,8806.0,8647.0,9182.0,9080.0,7895.0,8407,8575.0,8583.0,9008.0,9081.0,8421.0,8170.0,8704.0,9043.0,9064.0,10355.0,8916.0,9186.0,9642,9439,9417,9347.0,10693.0,9850,10110,10674,9961.0,10299,10088.0,10867,10460,10506,10399,10081.0,10127,10636.0,10738,11419,11501,11752,11819.0,12305,12212.0,10895,11291,10931.0,11168.0,11220,11305.0,10935.0,11566,12375,11469.0,11690.0,12637.0,12298.0,12356.0
Sorø,4007.0,3655.0,3705.0,3640.0,3640.0,4502.0,3711.0,3662.0,4132.0,4272.0,3937.0,4152.0,4229.0,4353.0,4100.0,4255.0,4064.0,4556.0,4782.0,4488.0,5113.0,5676.0,5644.0,4932.0,5767.0,5720.0,5976.0,5711.0,6103.0,6327.0,6635.0,6276.0,7401.0,6985.0,6871.0,7036.0,7223.0,7487.0,7372.0,7511.0,7816.0,7884.0,7863.0,8098.0,8762.0,8528.0,8147.0,8644.0,8332,8631.0,9512.0,8460,9054.0,10004,10200,10498,10941.0,12314.0,12514.0,12508.0,11384.0,13074.0,13861,13686.0,13186.0,13943,12773.0,12143.0,11227.0,9137.0,10515,11066.0,11703.0,11387.0,10420.0,10628.0,9572.0,11637.0,10473.0,9498.0,9733.0,9384.0,7836.0,9603.0,9376,9736.0,9028.0,7781.0,8054.0,9558.0,8785.0,8447.0,9918.0,9453.0,9040.0,8811.0,8652.0,9499,10276,9011,10091.0,10935.0,10108,9992,10454,10513.0,11871,10775.0,10708,11286,10232,12032,10716.0,10695,10189.0,11269,11537,10917,12454,11645.0,12319,12708.0,13683,9777,11859.0,11719.0,12724,10238.0,12787.0,11981,12450,14000.0,12679.0,13262.0,12349.0,11906.0
Stevns,3762.0,3685.0,3740.0,3676.0,3698.0,3815.0,4019.0,3918.0,3856.0,3737.0,3558.0,4066.0,3712.0,4226.0,4447.0,4569.0,4712.0,4581.0,4851.0,4970.0,4969.0,5476.0,5477.0,5732.0,6162.0,6147.0,6240.0,6352.0,6832.0,6863.0,7043.0,6494.0,7292.0,7045.0,7704.0,7456.0,7315.0,7523.0,8410.0,8099.0,7757.0,7901.0,8148.0,7865.0,7936.0,8188.0,8277.0,8121.0,8540,9326.0,9301.0,9081,9962.0,11115,10506,11091,12087.0,13207.0,15226.0,14642.0,14875.0,14470.0,14414,14379.0,13853.0,13822,13449.0,11679.0,9231.0,11770.0,12046,10114.0,10023.0,10796.0,10695.0,9300.0,8300.0,9071.0,9809.0,9077.0,8503.0,9650.0,8817.0,8872.0,7814,8263.0,8874.0,8374.0,9112.0,7770.0,8942.0,9359.0,10254.0,9881.0,9917.0,9487.0,10552.0,9914,10288,10727,11144.0,11129.0,9509,10223,11913,11734.0,11519,12125.0,11676,12709,12144,11989,12149.0,12182,12666.0,11828,13076,14750,14087,13188.0,15653,13396.0,13278,12468,14311.0,12497.0,12759,12322.0,13106.0,14564,12487,12916.0,13396.0,14414.0,14441.0,14628.0
Vordingborg,3503.0,3300.0,3129.0,3268.0,3284.0,3116.0,3543.0,3383.0,3374.0,3496.0,3513.0,3397.0,3576.0,3696.0,3596.0,3559.0,3605.0,3853.0,3741.0,3930.0,4165.0,4180.0,4440.0,4395.0,4513.0,4790.0,4543.0,4657.0,4868.0,5005.0,5250.0,5047.0,5265.0,5566.0,5715.0,5700.0,5635.0,6011.0,5935.0,6285.0,6257.0,6338.0,6475.0,6569.0,7089.0,6562.0,6748.0,6647.0,6913,7326.0,7883.0,7717,7858.0,7639,8643,8245,8599.0,9725.0,10131.0,10002.0,10900.0,10777.0,11007,11022.0,10865.0,10654,10144.0,8969.0,8844.0,8899.0,8297,8609.0,9138.0,8368.0,8215.0,8007.0,7405.0,7856.0,7221.0,7299.0,6224.0,7376.0,6418.0,6692.0,5891,6007.0,6184.0,5672.0,5699.0,6261.0,5869.0,5697.0,6090.0,6669.0,6740.0,6415.0,7059.0,6490,6706,7043,6778.0,7458.0,6788,6944,7816,7063.0,7376,7794.0,7047,8053,7579,8278,8094.0,8416,8411.0,8923,8437,9772,9634,9749.0,9214,9779.0,9765,8870,8012.0,8455.0,8996,8889.0,9249.0,8706,8909,9427.0,8900.0,8713.0,8856.0,9416.0
Assens,2953.0,2935.0,2983.0,2984.0,3138.0,2911.0,3208.0,3204.0,3000.0,3232.0,3576.0,3026.0,3202.0,3438.0,3374.0,3466.0,3753.0,3769.0,3733.0,4106.0,3975.0,4419.0,4413.0,4477.0,4538.0,4712.0,4949.0,4668.0,4907.0,5316.0,5203.0,4975.0,5199.0,5317.0,5563.0,5464.0,5034.0,5273.0,5575.0,5320.0,5027.0,5444.0,5798.0,5467.0,5442.0,5450.0,5486.0,5766.0,5746,5936.0,6072.0,6390,5775.0,6258,6484,6294,6888.0,7589.0,8077.0,8363.0,7275.0,8245.0,7982,8976.0,8986.0,8821,8581.0,8728.0,8573.0,8520.0,8592,8016.0,8322.0,7862.0,8293.0,8040.0,8336.0,7349.0,7839.0,7045.0,6895.0,6929.0,7025.0,6417.0,6920,7273.0,6199.0,6578.0,6490.0,7010.0,6390.0,6288.0,6896.0,7386.0,6633.0,6598.0,7024.0,6688,6767,6934,7319.0,7066.0,7391,6572,7366,7462.0,7271,7131.0,7167,7006,6645,7473,7371.0,7393,7700.0,7735,7951,8073,7998,7903.0,8688,7921.0,8084,8174,7906.0,8303.0,7144,7397.0,7981.0,7889,8440,8023.0,7870.0,8932.0,7839.0,8004.0
Faaborg-Midtfyn,2870.0,3242.0,3124.0,3292.0,3040.0,3089.0,3273.0,3407.0,3363.0,3384.0,3375.0,3450.0,3456.0,3396.0,3405.0,3719.0,3920.0,4134.0,3934.0,4057.0,4125.0,4310.0,4364.0,4511.0,4553.0,4828.0,4602.0,4792.0,4852.0,5156.0,4978.0,5301.0,4709.0,5404.0,5213.0,5216.0,5105.0,5778.0,5316.0,5112.0,5280.0,5501.0,5576.0,5428.0,5468.0,5381.0,5434.0,5523.0,5544,5575.0,6023.0,5694,5694.0,6320,6690,6510,6997.0,7538.0,7948.0,7155.0,7968.0,8452.0,8274,8877.0,8854.0,9659,9002.0,8660.0,8212.0,7931.0,8134,7916.0,7940.0,7715.0,8169.0,7958.0,7865.0,7745.0,6725.0,7313.0,7141.0,7687.0,7108.0,6509.0,7042,6985.0,7202.0,6735.0,6292.0,6721.0,6784.0,6568.0,7389.0,6922.0,7015.0,6123.0,6649.0,7133,7404,7377,6511.0,7068.0,7392,6661,7800,7769.0,7352,7617.0,7231,7784,7642,7969,7979.0,7670,7920.0,8017,7982,8791,8834,8051.0,8600,8507.0,8577,8054,7589.0,8516.0,8777,7895.0,8396.0,8602,9003,9509.0,8767.0,9389.0,8688.0,8951.0
Kerteminde,3986.0,3879.0,3466.0,3416.0,4230.0,3820.0,4162.0,3767.0,4409.0,3997.0,4006.0,4212.0,4256.0,4118.0,4201.0,4273.0,4642.0,4949.0,4695.0,4298.0,5278.0,5400.0,5550.0,5273.0,6533.0,5825.0,5745.0,5808.0,5763.0,6953.0,6680.0,6410.0,6957.0,7188.0,7244.0,7110.0,6457.0,7295.0,6952.0,6149.0,6816.0,7407.0,6925.0,7174.0,6686.0,6899.0,7873.0,7153.0,7702,8182.0,7051.0,7580,7502.0,7765,8123,7859,8747.0,9927.0,9468.0,9310.0,10270.0,10877.0,11188,12413.0,10358.0,11263,10645.0,12053.0,9961.0,10655.0,9255,9812.0,9064.0,9026.0,10057.0,8889.0,9781.0,8715.0,9897.0,10567.0,8971.0,8986.0,9721.0,9609.0,8353,8871.0,8238.0,9886.0,7761.0,9318.0,8281.0,9099.0,8884.0,10942.0,9662.0,10000.0,9509.0,9979,10405,10113,9482.0,10212.0,10443,10314,9853,10220.0,10244,10220.0,9718,10675,11189,11738,10156.0,10927,10853.0,10975,11600,11824,11526,11789.0,11576,11042.0,11417,11720,13366.0,12167.0,11992,11013.0,10799.0,11678,12765,12046.0,12211.0,12443.0,12174.0,13847.0
Langeland,3008.0,2523.0,2324.0,2588.0,2572.0,2419.0,2515.0,2580.0,2781.0,2782.0,2906.0,2680.0,2611.0,2556.0,2696.0,2833.0,3010.0,3102.0,2609.0,2991.0,3014.0,3136.0,3173.0,3402.0,3591.0,3677.0,3562.0,3893.0,3961.0,3968.0,3427.0,3975.0,3969.0,3831.0,3652.0,3602.0,3647.0,3945.0,4370.0,3758.0,4090.0,4233.0,4221.0,3957.0,3948.0,4147.0,4118.0,4164.0,4688,4402.0,4146.0,4629,4824.0,4924,5345,5309,5873.0,6079.0,6187.0,6855.0,5818.0,6504.0,8351,7031.0,6445.0,7512,6789.0,6837.0,8048.0,6602.0,6447,6573.0,5413.0,5999.0,6623.0,5684.0,6087.0,5865.0,5546.0,6356.0,4434.0,5006.0,5607.0,4705.0,4715,5345.0,5209.0,4417.0,4371.0,5354.0,3658.0,5023.0,4108.0,4577.0,4438.0,4250.0,4673.0,4830,4667,4948,5126.0,5762.0,4402,5270,4605,5266.0,5234,5408.0,6802,5934,5844,4939,4371.0,5572,6057.0,5865,5890,5905,5980,6575.0,5734,6769.0,6162,5701,5044.0,5911.0,5790,5769.0,6746.0,7288,6349,5952.0,5507.0,6195.0,6102.0,7198.0
Middelfart,3418.0,3454.0,3541.0,3366.0,3691.0,3425.0,3712.0,3606.0,3639.0,3983.0,3598.0,3633.0,3952.0,4138.0,4330.0,4322.0,4541.0,4518.0,4484.0,4756.0,5096.0,4827.0,5061.0,5201.0,5578.0,5980.0,5500.0,5937.0,6323.0,6441.0,5926.0,6012.0,6570.0,6313.0,6588.0,6925.0,6716.0,6608.0,6984.0,6564.0,6687.0,6387.0,7032.0,6280.0,6771.0,7323.0,6953.0,6337.0,7057,7132.0,6428.0,7655,7999.0,8267,8195,8464,8960.0,8956.0,10378.0,10710.0,10184.0,11451.0,11883,12856.0,11827.0,12807,11380.0,11553.0,9456.0,10693.0,10493,11419.0,10528.0,11254.0,11046.0,10444.0,11580.0,10020.0,10421.0,9774.0,9514.0,10635.0,10032.0,9246.0,9523,8694.0,10253.0,10601.0,8846.0,9122.0,10038.0,9945.0,9513.0,10890.0,10498.0,9981.0,9571.0,10771,10570,10838,8970.0,10452.0,10522,11303,11692,10722.0,11350,11107.0,10779,11391,10816,11302,10506.0,10263,10687.0,11705,11913,12097,11838,11314.0,12396,13072.0,12243,11445,12667.0,12909.0,12423,12006.0,13368.0,11868,12921,14013.0,11202.0,13823.0,11000.0,13734.0
Nordfyns,2974.0,3234.0,3192.0,2893.0,2742.0,2969.0,3285.0,3132.0,3152.0,3345.0,3275.0,2914.0,3197.0,3375.0,3201.0,3600.0,3785.0,3851.0,4023.0,3958.0,4038.0,4350.0,4509.0,4756.0,4404.0,5156.0,5100.0,4929.0,5058.0,4979.0,4989.0,5390.0,5006.0,5081.0,5564.0,5218.0,5368.0,5300.0,5054.0,5099.0,5196.0,5353.0,5114.0,5241.0,5388.0,5546.0,5273.0,5078.0,5389,5602.0,5146.0,5967,6238.0,6068,6332,7070,6967.0,7427.0,7945.0,7823.0,7516.0,8749.0,8529,8532.0,9103.0,9392,8843.0,7599.0,8369.0,8543.0,7167,7632.0,8072.0,8043.0,7427.0,7048.0,7492.0,8127.0,7381.0,8115.0,7478.0,6850.0,7088.0,6461.0,5789,6553.0,5697.0,6678.0,6802.0,6225.0,6518.0,6594.0,6414.0,6687.0,8003.0,6577.0,6759.0,6917,6848,7088,7436.0,7459.0,7263,7634,7796,7517.0,7590,7517.0,7542,7257,7774,7529,7628.0,7953,7642.0,7764,8215,8040,8508,8868.0,8442,8481.0,8775,7895,8337.0,7892.0,8324,8345.0,8124.0,8354,8502,8061.0,8236.0,9076.0,8038.0,8088.0
Nyborg,3395.0,3370.0,3183.0,3271.0,3202.0,3383.0,3592.0,3534.0,3665.0,3979.0,3678.0,3423.0,3532.0,3553.0,3886.0,3993.0,4117.0,4001.0,4453.0,4187.0,4843.0,4616.0,4847.0,4746.0,5437.0,5252.0,5742.0,5742.0,5659.0,5344.0,5743.0,5699.0,5586.0,5870.0,5868.0,6257.0,5880.0,5881.0,6201.0,5894.0,6224.0,6044.0,6075.0,6628.0,6258.0,6282.0,6472.0,6532.0,6483,6716.0,7522.0,6835,7472.0,7606,7958,7208,7835.0,8439.0,8772.0,9285.0,8961.0,9368.0,9494,9683.0,9770.0,10417,9910.0,8780.0,9905.0,8611.0,9789,10486.0,9809.0,10326.0,9785.0,9955.0,8207.0,8840.0,8059.0,9045.0,9644.0,8185.0,7642.0,7854.0,7725,8521.0,8005.0,8108.0,8120.0,8513.0,7953.0,8744.0,8151.0,7812.0,8299.0,8185.0,7865.0,7757,7620,8752,7989.0,8654.0,9135,8259,9141,8827.0,9006,8555.0,9435,9725,9041,9138,9384.0,9398,9164.0,9593,9940,9757,9575,9736.0,10276,9576.0,10177,10551,9133.0,10141.0,8984,10026.0,10642.0,10465,10572,10215.0,9796.0,10443.0,10119.0,10335.0
Odense,4331.0,4448.0,4388.0,4324.0,4199.0,4288.0,4549.0,4541.0,4822.0,4818.0,4768.0,4886.0,5006.0,5038.0,5330.0,5259.0,5458.0,5701.0,5857.0,5964.0,6227.0,6285.0,6511.0,6713.0,6852.0,7139.0,7446.0,7401.0,7204.0,7367.0,7477.0,7512.0,7161.0,7434.0,7418.0,7577.0,7719.0,7704.0,7556.0,7586.0,7741.0,7844.0,7649.0,7793.0,7610.0,7662.0,7929.0,7954.0,8237,8731.0,8858.0,9094,9576.0,10011,10822,11553,12581.0,13018.0,13144.0,13960.0,14144.0,14431.0,14056,14348.0,14198.0,14608,14124.0,13298.0,12508.0,12907.0,12617,12730.0,12815.0,13075.0,12844.0,13182.0,12904.0,12640.0,12272.0,12030.0,11734.0,12351.0,12290.0,12004.0,12202,12343.0,12595.0,12330.0,12388.0,12771.0,12702.0,12726.0,13042.0,13329.0,13641.0,13242.0,13795.0,13451,14368,14094,13855.0,14721.0,13867,14497,14883,15271.0,14875,15431.0,15294,15787,15980,16084,16237.0,15677,15880.0,16662,16861,17746,18268,18182.0,18223,18491.0,17761,16655,16769.0,17439.0,17959,18588.0,17904.0,17674,17955,18183.0,18768.0,17923.0,19669.0,19106.0
Svendborg,3976.0,3699.0,3535.0,3597.0,3507.0,3691.0,3965.0,3959.0,3996.0,4023.0,3892.0,3861.0,3780.0,3938.0,3991.0,4441.0,4316.0,4649.0,4486.0,4694.0,4911.0,5056.0,5112.0,5493.0,5348.0,5886.0,5902.0,5987.0,5884.0,6452.0,5912.0,6308.0,6026.0,6481.0,6356.0,6201.0,6855.0,6772.0,6627.0,6700.0,6760.0,6761.0,6637.0,6494.0,7026.0,6941.0,7017.0,7257.0,7416,6946.0,7746.0,7751,8147.0,7824,8341,9032,8618.0,9580.0,10036.0,10090.0,11628.0,11339.0,11713,11648.0,12630.0,12490,13135.0,11827.0,11496.0,11394.0,10761,11740.0,11632.0,11252.0,10741.0,10483.0,10666.0,10149.0,9436.0,10632.0,9558.0,9651.0,9862.0,9604.0,9801,10176.0,9208.0,8522.0,8825.0,10261.0,8906.0,9274.0,9520.0,9929.0,9430.0,10039.0,9693.0,10465,10572,9694,10155.0,10802.0,10148,10719,10388,11804.0,11331,11258.0,11792,11738,12661,11203,11197.0,12162,12713.0,11921,12200,13640,13041,13014.0,13136,13181.0,13512,12019,12043.0,13628.0,13467,13556.0,13834.0,14370,14435,13999.0,14255.0,15110.0,14668.0,13899.0
Ærø,,,,,,,,,,,,,,,,,,,,,,,,,,,,,,,,,,,,,,,,,,,,,,,,,4770,4045.0,4791.0,4967,6120.0,5626,4758,5403,5313.0,7385.0,8048.0,6797.0,7024.0,7383.0,7017,7503.0,6746.0,7247,6560.0,7121.0,6366.0,7188.0,7857,7620.0,6169.0,7446.0,5921.0,7229.0,5669.0,6472.0,6024.0,5297.0,4584.0,5039.0,5152.0,5985.0,6572,6317.0,4117.0,,3532.0,6778.0,5495.0,4064.0,3231.0,4111.0,5362.0,4378.0,5297.0,5413,5357,4298,4027.0,5358.0,4866,5393,5139,4570.0,5702,5785.0,5364,6564,6090,5807,6162.0,5941,7801.0,6181,6240,7348,7675,8457.0,7105,6963.0,6993,6649,7945.0,7881.0,7796,8278.0,9109.0,8823,8543,8964.0,5974.0,8149.0,9875.0,7276.0
Billund,4024.0,4054.0,3828.0,3864.0,3488.0,3937.0,4062.0,3647.0,4849.0,4267.0,4135.0,4062.0,3977.0,4214.0,4147.0,4769.0,4966.0,5509.0,5369.0,5244.0,5461.0,5634.0,5140.0,5279.0,5525.0,5942.0,5329.0,6205.0,5479.0,5719.0,6449.0,5913.0,6122.0,5609.0,5780.0,6241.0,5513.0,5885.0,6216.0,5962.0,5718.0,6319.0,5700.0,5768.0,5704.0,6131.0,6008.0,5695.0,6033,6109.0,6116.0,6785,6052.0,6399,6429,6394,6554.0,7133.0,6967.0,7197.0,6998.0,7189.0,8338,7300.0,8089.0,8104,8811.0,8115.0,6718.0,8288.0,8333,8831.0,7947.0,7218.0,8597.0,8779.0,7656.0,7867.0,8182.0,7977.0,7446.0,8767.0,7398.0,7191.0,7478,7739.0,7626.0,6785.0,7246.0,8312.0,7070.0,7349.0,7888.0,8517.0,8742.0,9010.0,8075.0,8336,8286,7698,8575.0,10018.0,8583,7936,8095,8263.0,9076,8702.0,7988,9301,7840,9157,8952.0,9749,8688.0,9204,10143,9373,9700,9954.0,9260,9760.0,9956,9396,9161.0,11079.0,9578,10298.0,10487.0,12204,10989,11485.0,10872.0,11677.0,11677.0,10263.0
Esbjerg,3879.0,3894.0,3800.0,4106.0,3674.0,4123.0,4343.0,4332.0,4542.0,4481.0,4541.0,4602.0,4343.0,4675.0,4716.0,4849.0,4926.0,5228.0,5223.0,5215.0,5546.0,5617.0,5592.0,5897.0,6007.0,6166.0,5846.0,6395.0,6279.0,6354.0,6301.0,6280.0,6233.0,6365.0,6659.0,6542.0,6583.0,6676.0,6310.0,6252.0,6789.0,6336.0,6367.0,6339.0,6407.0,6398.0,6646.0,6618.0,6953,7036.0,7238.0,7566,7825.0,8039,7648,8422,9158.0,9012.0,9249.0,9743.0,10260.0,10238.0,10855,11027.0,10854.0,11271,10591.0,10434.0,10335.0,10354.0,10397,9841.0,10184.0,11321.0,10776.0,10273.0,10473.0,11114.0,10413.0,9769.0,10088.0,10268.0,9809.0,10054.0,9649,10163.0,10657.0,9882.0,10335.0,10284.0,10412.0,10526.0,10054.0,10507.0,10317.0,10424.0,11102.0,11551,10606,11286,11280.0,11933.0,11815,11120,11529,11251.0,11458,11683.0,11517,12202,12678,12266,12167.0,12075,12293.0,11972,12709,13329,12770,13274.0,12917,13558.0,13632,12411,13309.0,13291.0,12820,13323.0,12762.0,13526,12690,12190.0,13178.0,13679.0,12348.0,12980.0
Fanø,4145.0,4416.0,4175.0,3376.0,4594.0,3962.0,3424.0,3982.0,4018.0,4826.0,5270.0,3633.0,4001.0,4469.0,4607.0,5088.0,4432.0,6183.0,5974.0,4942.0,5300.0,5178.0,5654.0,6142.0,6563.0,5243.0,6652.0,6308.0,5747.0,6228.0,6861.0,7614.0,7127.0,6560.0,6674.0,6481.0,7239.0,7722.0,7148.0,6912.0,6879.0,6479.0,7014.0,6875.0,7604.0,7579.0,6750.0,6368.0,5657,,8514.0,7196,8331.0,7277,8054,10712,9061.0,,8761.0,,10156.0,,8264,,,11030,,,,,12283,10643.0,12350.0,11074.0,,,9325.0,8961.0,10294.0,,,,,,10175,,,,,10394.0,,10160.0,9134.0,,,10379.0,8637.0,9570,10990,11158,9774.0,8024.0,11626,9060,8139,11427.0,12482,,10518,11051,12807,9868,8012.0,12075,12815.0,13194,10983,14648,15384,14587.0,14744,14716.0,13133,12667,12837.0,15824.0,17068,12707.0,10589.0,14950,12458,11348.0,11772.0,12761.0,14797.0,11525.0
Fredericia,3708.0,4027.0,3912.0,3908.0,3763.0,4069.0,4391.0,4418.0,4416.0,4448.0,4546.0,4579.0,4398.0,4670.0,4476.0,5164.0,4979.0,5289.0,5381.0,5432.0,5668.0,5804.0,6268.0,6099.0,6474.0,6513.0,6608.0,6703.0,7227.0,6878.0,6789.0,6881.0,6955.0,7205.0,7348.0,7303.0,7302.0,7270.0,7789.0,7548.0,7717.0,7689.0,7844.0,7264.0,7387.0,8364.0,8073.0,7781.0,7968,8365.0,8464.0,8716,8653.0,8786,8644,9349,10810.0,10600.0,11346.0,11762.0,10845.0,11072.0,12060,13247.0,13524.0,13035,12800.0,11913.0,11022.0,11475.0,11353,11352.0,10826.0,10795.0,10877.0,11610.0,10892.0,11163.0,10820.0,10324.0,11132.0,10106.0,10269.0,10758.0,10054,10179.0,10214.0,9698.0,9729.0,10386.0,9087.0,10017.0,10540.0,10707.0,10386.0,10048.0,10814.0,11057,10636,10859,10781.0,11292.0,11399,10651,11230,11251.0,11622,11922.0,11314,11722,12094,12066,11188.0,12080,12760.0,11373,12297,13023,12409,12936.0,13075,13889.0,13182,12294,12527.0,13211.0,12705,13028.0,12764.0,13222,12743,12906.0,13041.0,12989.0,13028.0,12780.0
Haderslev,3164.0,3097.0,3331.0,3106.0,3009.0,3547.0,3516.0,3542.0,3530.0,3584.0,3467.0,3682.0,3711.0,3439.0,3630.0,3766.0,3894.0,4246.0,4246.0,4235.0,4474.0,4549.0,4458.0,4778.0,4710.0,5081.0,4689.0,4591.0,4917.0,5075.0,5081.0,5052.0,5480.0,5318.0,5259.0,5130.0,5361.0,5616.0,5161.0,5443.0,5596.0,5315.0,5190.0,5609.0,5430.0,5719.0,5354.0,5762.0,5935,5896.0,6297.0,5442,6427.0,6417,6974,6630,6452.0,6927.0,7765.0,7035.0,7997.0,8727.0,7547,8643.0,8774.0,8966,8563.0,7866.0,7867.0,7835.0,8513,8440.0,8141.0,8064.0,7175.0,7398.0,7863.0,7634.0,7249.0,7794.0,7403.0,7164.0,7195.0,6603.0,6524,6589.0,6580.0,6879.0,6608.0,6958.0,6172.0,6149.0,7377.0,7230.0,7690.0,6412.0,6815.0,6923,7064,7101,6932.0,7036.0,6637,6889,7111,7520.0,7627,7345.0,7130,7597,7161,7719,7564.0,7581,7911.0,7796,7710,8534,8050,7083.0,8678,8351.0,8294,7884,7161.0,8325.0,8414,7618.0,8158.0,8464,8371,6622.0,7128.0,8033.0,8040.0,9188.0
Kolding,3952.0,3775.0,3898.0,3771.0,3732.0,4113.0,4220.0,4463.0,4237.0,4643.0,4350.0,4710.0,4441.0,4678.0,4853.0,5219.0,5416.0,5455.0,5610.0,5870.0,5987.0,6111.0,5889.0,6366.0,6614.0,6760.0,6845.0,6840.0,6869.0,7184.0,7116.0,7064.0,7059.0,7586.0,7702.0,7469.0,7550.0,8061.0,7604.0,7745.0,7458.0,7657.0,7935.0,7837.0,7147.0,8215.0,8477.0,8320.0,8414,8692.0,8177.0,8819,8925.0,9542,9633,10314,10499.0,10624.0,11519.0,11219.0,12134.0,12849.0,12793,12759.0,12933.0,13122,12547.0,12394.0,11726.0,11848.0,11165,11933.0,12142.0,12084.0,11524.0,11412.0,10715.0,11279.0,10842.0,10176.0,11191.0,10148.0,11178.0,10436.0,10809,10567.0,10569.0,10742.0,10930.0,10638.0,10697.0,10500.0,11202.0,11932.0,11099.0,11388.0,11238.0,11215,11247,10560,11278.0,11489.0,11249,11668,11811,12311.0,12141,11649.0,12118,11957,12063,12161,12235.0,12061,13254.0,12740,13047,12872,13854,13006.0,13275,12772.0,12933,13435,12104.0,12780.0,13617,12924.0,12734.0,12606,12693,12648.0,13456.0,13443.0,14667.0,13644.0
Sønderborg,3529.0,3663.0,3669.0,3495.0,3529.0,3445.0,3759.0,3984.0,3739.0,4083.0,4070.0,3890.0,4011.0,4291.0,4132.0,4589.0,4557.0,4582.0,4569.0,4525.0,4613.0,4979.0,5083.0,4937.0,5437.0,4723.0,4641.0,4945.0,5244.0,5538.0,5571.0,5437.0,5374.0,5830.0,5380.0,6027.0,6033.0,5810.0,6012.0,6016.0,5912.0,5878.0,5744.0,5750.0,5754.0,6325.0,6217.0,5466.0,6103,6316.0,6725.0,6845,6760.0,7186,6798,6934,7366.0,7816.0,8201.0,7860.0,7745.0,8294.0,9005,8362.0,8597.0,8551,8415.0,8957.0,7641.0,9242.0,7863,8307.0,7518.0,8926.0,7874.0,7910.0,8245.0,8153.0,7448.0,8355.0,7420.0,6996.0,7674.0,7430.0,6804,7321.0,7308.0,7268.0,6877.0,6962.0,7083.0,7413.0,7472.0,7536.0,7279.0,7212.0,7315.0,7273,7802,7853,7438.0,7737.0,7620,7187,7119,7782.0,7654,8166.0,7255,7852,8261,8164,7023.0,7958,8595.0,8332,8699,8862,8684,8656.0,8604,8364.0,9232,8486,8388.0,8321.0,8871,8958.0,9152.0,9354,8970,9507.0,9938.0,9690.0,9302.0,8984.0
Tønder,2734.0,2780.0,2935.0,2724.0,2784.0,2837.0,2993.0,3037.0,2920.0,2931.0,3174.0,3302.0,2975.0,3127.0,3030.0,3244.0,3149.0,3205.0,3159.0,3663.0,3482.0,3287.0,3467.0,3216.0,3646.0,3942.0,3497.0,3713.0,3737.0,4014.0,4043.0,3706.0,3902.0,4201.0,3854.0,3911.0,4129.0,4064.0,3883.0,4554.0,4050.0,4136.0,4182.0,4217.0,4486.0,4179.0,4305.0,4210.0,4540,4360.0,4011.0,4469,4348.0,4919,4389,4791,5063.0,5466.0,5049.0,4685.0,5310.0,5488.0,5780,6310.0,5627.0,5536,5682.0,5704.0,5917.0,5749.0,5597,5620.0,5934.0,5704.0,5866.0,6155.0,5723.0,6004.0,4872.0,5099.0,4188.0,5530.0,4961.0,4935.0,4860,4471.0,4960.0,4703.0,5519.0,5506.0,5510.0,4432.0,4857.0,4333.0,5504.0,4364.0,4605.0,4108,4216,4598,4219.0,5085.0,4507,4620,5467,4549.0,5137,4732.0,4315,5177,4775,5415,5509.0,4519,4916.0,5314,5309,5401,5307,5280.0,5521,5456.0,5141,5766,5468.0,5896.0,5349,5678.0,6093.0,5511,5595,6259.0,5398.0,5959.0,5285.0,5765.0
Varde,3293.0,3396.0,3019.0,3266.0,3247.0,3480.0,3243.0,3524.0,3325.0,3533.0,3516.0,3583.0,3569.0,3721.0,3816.0,3885.0,4048.0,4295.0,4095.0,4194.0,4169.0,4462.0,4532.0,4468.0,4523.0,4618.0,4447.0,4779.0,4775.0,4852.0,4957.0,4946.0,5148.0,5173.0,4813.0,4972.0,4898.0,4933.0,4985.0,5279.0,4926.0,5119.0,5127.0,5262.0,5354.0,5575.0,5300.0,5320.0,5556,5394.0,5393.0,5687,5711.0,5722,6128,5800,5773.0,5958.0,6702.0,6470.0,6916.0,7101.0,7194,7106.0,7333.0,8315,8092.0,7748.0,7983.0,7217.0,8185,7574.0,8309.0,7632.0,7514.0,7161.0,7006.0,7112.0,7188.0,7980.0,7570.0,7199.0,7068.0,6770.0,7917,6791.0,7147.0,7277.0,7333.0,7535.0,7213.0,6659.0,7124.0,7234.0,7202.0,6985.0,7710.0,7731,7559,6996,7442.0,7175.0,7680,6838,7579,7366.0,7703,7183.0,7574,7063,8265,8132,8288.0,8052,7851.0,8512,8259,7961,7838,8346.0,8290,8351.0,8489,7798,7020.0,8713.0,8164,8224.0,8367.0,9468,8398,8395.0,8480.0,8616.0,8014.0,8395.0
Vejen,3130.0,3062.0,2927.0,2798.0,2850.0,3001.0,3038.0,3176.0,3222.0,3334.0,3181.0,3299.0,3291.0,3382.0,3583.0,3579.0,3747.0,3777.0,3732.0,4034.0,3813.0,3998.0,4378.0,4272.0,4447.0,4396.0,4485.0,4680.0,4669.0,4910.0,5134.0,4939.0,4690.0,4857.0,4961.0,4939.0,5391.0,5087.0,4617.0,4948.0,4961.0,4840.0,5332.0,4868.0,4717.0,5185.0,5294.0,5097.0,5598,5595.0,5498.0,5453,5692.0,5888,6143,6151,6158.0,6809.0,6722.0,6777.0,6797.0,7018.0,7341,7015.0,7843.0,8240,8855.0,7242.0,8043.0,7749.0,7058,7305.0,6922.0,6953.0,6965.0,7256.0,6444.0,7099.0,6752.0,6749.0,6738.0,7431.0,6512.0,6252.0,5613,6776.0,7213.0,6262.0,7685.0,6445.0,6212.0,5953.0,6747.0,6517.0,6546.0,6282.0,5926.0,6555,6812,6657,6810.0,7127.0,5861,7171,6297,7450.0,6773,6931.0,6682,7263,7945,7066,6945.0,7008,7946.0,7782,7641,8213,7944,7784.0,8320,7730.0,8043,8267,7816.0,7350.0,8461,7300.0,7410.0,7884,7396,7229.0,8655.0,8266.0,7616.0,8075.0
Vejle,3560.0,3651.0,3714.0,3686.0,3537.0,3832.0,3800.0,4239.0,4010.0,4263.0,3971.0,4039.0,4211.0,4071.0,4087.0,4248.0,4516.0,4790.0,4785.0,4845.0,5277.0,5365.0,5446.0,5684.0,5532.0,5991.0,5636.0,5640.0,6295.0,6518.0,6402.0,6203.0,6586.0,6626.0,6527.0,6525.0,7028.0,6692.0,6969.0,6753.0,6603.0,6631.0,7192.0,6690.0,7075.0,6846.0,7410.0,6991.0,7307,7480.0,7909.0,8193,8145.0,8706,9039,9193,9752.0,10070.0,10774.0,11412.0,10949.0,11763.0,11871,12779.0,11312.0,12288,11788.0,11561.0,10717.0,12010.0,10743,11192.0,10620.0,11212.0,10911.0,11253.0,11128.0,11043.0,10817.0,9813.0,10165.0,10045.0,10272.0,9854.0,10125,10558.0,10121.0,9357.0,9357.0,10086.0,10123.0,9729.0,10594.0,10825.0,10439.0,10661.0,10244.0,10801,11182,10568,10677.0,11140.0,11365,11529,11776,11848.0,11270,11182.0,11524,11869,11660,11801,11851.0,11784,12649.0,12918,12661,13972,13048,13635.0,13147,13886.0,12799,12345,13553.0,13512.0,13619,12852.0,13039.0,13591,13853,13765.0,13885.0,14010.0,14676.0,14385.0
Aabenraa,3356.0,3277.0,3079.0,3178.0,3306.0,3372.0,3337.0,3385.0,3665.0,3592.0,3662.0,3737.0,3438.0,3724.0,3830.0,3605.0,3645.0,3800.0,4061.0,4187.0,4222.0,4356.0,4439.0,3976.0,4248.0,4471.0,4573.0,4780.0,4923.0,4962.0,4637.0,4986.0,4953.0,5123.0,5126.0,4677.0,5137.0,5175.0,5045.0,5112.0,4913.0,4920.0,5123.0,5181.0,5356.0,5626.0,5131.0,5398.0,5296,5508.0,5838.0,5908,6240.0,6155,6161,6347,6692.0,6933.0,6861.0,7314.0,6945.0,7564.0,7361,7899.0,7223.0,7597,7678.0,7960.0,7239.0,7211.0,7266,8036.0,6766.0,7454.0,7072.0,7680.0,7106.0,7745.0,7651.0,7021.0,7697.0,7036.0,7084.0,6599.0,6300,6507.0,6491.0,6945.0,6565.0,6395.0,6265.0,6297.0,6474.0,6989.0,6453.0,6410.0,6487.0,7147,6529,6419,5807.0,6775.0,6774,6858,6882,7535.0,7146,6511.0,7012,7160,7448,7562,6825.0,6605,7216.0,6995,7513,7828,6932,8054.0,8331,8164.0,8007,6933,7250.0,8140.0,7867,7882.0,7447.0,7882,8169,8664.0,8891.0,8749.0,9007.0,8793.0
Favrskov,3652.0,3627.0,3763.0,3157.0,3434.0,3863.0,3748.0,3364.0,3727.0,3889.0,4027.0,3720.0,3854.0,3985.0,4301.0,4349.0,4421.0,4484.0,4631.0,4764.0,5005.0,5282.0,5181.0,5468.0,5847.0,5815.0,5678.0,6062.0,5837.0,6108.0,6479.0,6081.0,6639.0,6123.0,6499.0,6293.0,6573.0,6651.0,6552.0,6874.0,6993.0,6696.0,6389.0,6668.0,7016.0,7335.0,7092.0,7199.0,7739,7810.0,7798.0,7520,8878.0,8794,9127,9812,10109.0,10915.0,11572.0,11175.0,11662.0,11876.0,10611,11171.0,11499.0,11729,11289.0,11455.0,11406.0,11368.0,10823,11801.0,11704.0,11559.0,11689.0,10458.0,11238.0,11831.0,10497.0,11621.0,11534.0,10739.0,11524.0,10740.0,10690,10981.0,11491.0,10704.0,10518.0,11416.0,10153.0,9415.0,10831.0,11306.0,10697.0,10458.0,10643.0,11640,11416,11319,11439.0,10892.0,12354,10972,11478,11622.0,12787,12463.0,11976,12516,12578,11522,13244.0,12775,13425.0,12907,13390,12449,13545,13056.0,13475,13919.0,12926,13717,13391.0,13721.0,13413,13184.0,13006.0,13426,13804,14502.0,13392.0,14812.0,13379.0,15428.0
Hedensted,3286.0,3282.0,3215.0,3006.0,3244.0,3381.0,3329.0,3633.0,3498.0,3561.0,3600.0,3569.0,3681.0,3557.0,3826.0,3756.0,3835.0,3939.0,4012.0,4161.0,4263.0,4622.0,4575.0,4468.0,4608.0,4914.0,5200.0,5182.0,5333.0,5180.0,5348.0,5235.0,5098.0,5714.0,5737.0,5970.0,5406.0,5712.0,5495.0,5635.0,5745.0,6068.0,5935.0,6037.0,5870.0,6116.0,5997.0,5961.0,6532,6359.0,6523.0,6763,6843.0,7563,7408,7959,7969.0,9025.0,8855.0,8659.0,9603.0,9522.0,9828,11004.0,10693.0,10377,9748.0,9709.0,9815.0,9621.0,9186,9286.0,9030.0,9015.0,9161.0,8715.0,9129.0,9251.0,8750.0,8452.0,8514.0,8289.0,7719.0,8985.0,8437,7529.0,7718.0,7611.0,6933.0,8076.0,7834.0,7591.0,7621.0,8696.0,8013.0,7693.0,6982.0,8014,8165,8268,8343.0,8731.0,8406,9161,8006,9303.0,9037,8526.0,9000,9026,8802,9193,9260.0,8692,8495.0,8873,10084,9729,9983,10216.0,10113,9943.0,10102,9768,9243.0,9341.0,9677,9770.0,10289.0,9772,9545,9757.0,9761.0,10151.0,10073.0,10269.0
Horsens,3439.0,3485.0,3358.0,3412.0,3397.0,3556.0,3726.0,3716.0,3814.0,3870.0,3739.0,3899.0,4065.0,3943.0,3951.0,4174.0,4349.0,4324.0,4737.0,4908.0,4942.0,5208.0,5009.0,5280.0,5264.0,5809.0,5708.0,5636.0,6029.0,6089.0,6231.0,5865.0,6229.0,6329.0,6295.0,6452.0,6524.0,6684.0,6368.0,5975.0,6475.0,6204.0,6442.0,6233.0,6312.0,6744.0,6977.0,6771.0,7145,7125.0,7419.0,7797,8311.0,8572,9384,9377,10322.0,11433.0,11374.0,11442.0,11873.0,12325.0,12529,12181.0,11921.0,11908,12026.0,11086.0,11586.0,11373.0,10298,10642.0,11009.0,11124.0,11132.0,10997.0,10937.0,10682.0,10458.0,9781.0,10340.0,10152.0,10439.0,9832.0,9591,9681.0,9549.0,9475.0,10318.0,9732.0,10410.0,10090.0,10425.0,10590.0,10329.0,10984.0,10942.0,10970,11033,10438,11094.0,11049.0,11182,11473,11487,11901.0,11851,11608.0,11401,11743,11225,12402,11951.0,12489,12389.0,12634,12815,13131,12833,13134.0,13213,13734.0,13530,13099,12478.0,12693.0,13660,13047.0,13230.0,13492,13398,13300.0,13056.0,14257.0,13552.0,14349.0
Norddjurs,2989.0,3071.0,3191.0,3101.0,3396.0,2994.0,3331.0,3229.0,3635.0,3249.0,3239.0,3235.0,3287.0,3592.0,3308.0,3575.0,3684.0,3792.0,3650.0,3852.0,3785.0,4016.0,4283.0,4086.0,4223.0,4455.0,4354.0,4500.0,4931.0,4673.0,4702.0,4649.0,4487.0,4614.0,4870.0,4765.0,4825.0,4896.0,4671.0,5004.0,4882.0,4734.0,5707.0,4974.0,4686.0,5028.0,5089.0,4998.0,5050,5733.0,4783.0,5095,5766.0,6047,5973,6349,6886.0,7375.0,6895.0,7481.0,7989.0,8046.0,7616,8299.0,8760.0,8741,8219.0,8040.0,8239.0,7660.0,7793,7512.0,7613.0,7636.0,8016.0,7585.0,7131.0,7541.0,7523.0,6480.0,7178.0,6613.0,6402.0,6699.0,7319,6478.0,6430.0,6048.0,7048.0,6161.0,5885.0,6132.0,6389.0,6557.0,7178.0,7077.0,6619.0,6927,6356,6525,6148.0,6104.0,7334,6388,6897,6850.0,6686,7361.0,6533,6934,7537,6392,7323.0,6849,6663.0,7187,7920,7476,8152,7145.0,7236,6637.0,7266,7751,7394.0,7532.0,7112,7432.0,7433.0,7125,6497,7067.0,7398.0,7516.0,7346.0,6747.0
Odder,3753.0,3686.0,3964.0,3797.0,3542.0,4499.0,4085.0,3886.0,4267.0,3825.0,4265.0,4106.0,4142.0,4353.0,4650.0,4538.0,5057.0,4662.0,5198.0,5346.0,5582.0,5845.0,5881.0,5877.0,5974.0,6283.0,6068.0,6426.0,6742.0,5957.0,6265.0,6575.0,7165.0,7135.0,7368.0,7089.0,7316.0,7221.0,7267.0,6422.0,7889.0,6863.0,7729.0,6971.0,6980.0,7822.0,8007.0,7922.0,7239,8221.0,8913.0,8490,7932.0,9304,10295,10483,12981.0,12506.0,13078.0,12432.0,11618.0,13359.0,12814,13649.0,11449.0,14273,13181.0,13151.0,11836.0,12544.0,12799,11238.0,12285.0,12699.0,11558.0,11598.0,12676.0,12768.0,11118.0,11461.0,11068.0,12477.0,12673.0,11064.0,10934,11574.0,11652.0,10422.0,10543.0,11099.0,11372.0,10891.0,10755.0,12336.0,11725.0,12531.0,10900.0,11995,10699,12218,11456.0,11996.0,11796,12642,12472,12956.0,12408,13437.0,13035,12920,13823,12792,13245.0,13809,14003.0,13638,15334,14687,12996,14722.0,14338,14246.0,15408,14224,15169.0,15121.0,14323,14968.0,15267.0,15279,15690,14710.0,15659.0,14641.0,16050.0,16129.0
Randers,3480.0,3541.0,3542.0,3503.0,3189.0,3461.0,3531.0,3561.0,3900.0,3956.0,3872.0,3802.0,3859.0,4026.0,4051.0,4337.0,4519.0,4652.0,4670.0,4844.0,5053.0,5251.0,5226.0,5251.0,5329.0,5650.0,5593.0,5615.0,5839.0,5956.0,5853.0,5606.0,5965.0,6066.0,6179.0,6050.0,6179.0,6178.0,6217.0,6146.0,6436.0,6183.0,6412.0,6235.0,6114.0,6405.0,6665.0,6108.0,6721,6937.0,6991.0,7075,7674.0,7771,7696,8616,9161.0,9441.0,9625.0,10651.0,10545.0,10541.0,10430,10320.0,10730.0,11237,10356.0,10530.0,10188.0,9849.0,10217,9394.0,9773.0,9310.0,9880.0,9828.0,9553.0,9854.0,9562.0,9403.0,9199.0,9366.0,8915.0,9030.0,8619,9835.0,9422.0,9166.0,8961.0,9045.0,8557.0,8614.0,9699.0,9252.0,9513.0,8858.0,9060.0,9640,9701,9193,8678.0,9578.0,9972,9525,9962,9968.0,10413,10501.0,10206,10713,10243,10161,9938.0,10838,10251.0,10380,11016,11184,11489,11302.0,11197,10075.0,11463,10223,10229.0,10812.0,10493,10736.0,10415.0,10766,10293,10521.0,11295.0,11623.0,11193.0,10934.0
Samsø,2169.0,2370.0,2366.0,2785.0,2111.0,2470.0,2513.0,2675.0,2704.0,2492.0,2496.0,2600.0,2565.0,2824.0,3264.0,2830.0,3370.0,2382.0,3273.0,2796.0,3450.0,3673.0,3351.0,3512.0,3384.0,3788.0,3582.0,3661.0,3871.0,3813.0,3780.0,3475.0,4298.0,4335.0,4238.0,4717.0,4859.0,4434.0,4946.0,4085.0,4541.0,4875.0,4681.0,2940.0,4445.0,4843.0,5016.0,5062.0,4530,5172.0,6661.0,4707,,9250,4517,5778,4900.0,,7110.0,8539.0,5761.0,9895.0,8741,8737.0,8222.0,7479,8401.0,,8532.0,7772.0,8345,6649.0,5965.0,7082.0,6717.0,5627.0,6117.0,7756.0,8081.0,6301.0,4948.0,6775.0,,6123.0,6598,,4467.0,5275.0,,4803.0,6604.0,4879.0,6618.0,5295.0,7968.0,7169.0,6246.0,8028,5583,4712,5501.0,6230.0,6303,6304,7168,7425.0,7417,6258.0,8279,6816,7234,6445,6982.0,7812,7367.0,7333,7781,10454,9340,10231.0,10670,12713.0,9941,9441,10347.0,10987.0,8273,8230.0,11058.0,12123,11883,8841.0,8342.0,7758.0,9293.0,12171.0
Silkeborg,3828.0,4182.0,3822.0,3773.0,3790.0,4173.0,4185.0,4052.0,4185.0,4253.0,4106.0,4202.0,4195.0,4174.0,4480.0,4683.0,4775.0,5102.0,5118.0,5318.0,5382.0,5622.0,5556.0,5868.0,6357.0,6499.0,6470.0,6123.0,6532.0,6679.0,7051.0,7130.0,7284.0,7198.0,7275.0,6779.0,7157.0,7423.0,7200.0,7143.0,7354.0,7586.0,7369.0,7457.0,7422.0,7407.0,7861.0,8056.0,8356,8141.0,8186.0,9002,8971.0,9050,9771,9761,11861.0,11116.0,11735.0,13824.0,12896.0,13250.0,13562,13124.0,12949.0,13461,13897.0,13121.0,12200.0,13103.0,12221,11800.0,12614.0,12287.0,12085.0,12497.0,11736.0,12238.0,11811.0,11375.0,11559.0,11561.0,11913.0,11692.0,11895,10702.0,11750.0,11401.0,10785.0,11879.0,11572.0,11264.0,11608.0,12457.0,12004.0,12512.0,11929.0,11479,13145,13045,12577.0,13108.0,13471,14238,12995,13190.0,13629,13480.0,13477,13835,14429,14127,14011.0,14652,15202.0,15326,15237,15904,14979,15721.0,15650,16031.0,16731,14948,15628.0,15426.0,16646,15745.0,17190.0,16474,17189,15740.0,16729.0,17181.0,17683.0,17315.0
Skanderborg,4499.0,4653.0,4125.0,4304.0,4264.0,4475.0,4820.0,4627.0,4918.0,4875.0,4857.0,4667.0,4998.0,4930.0,4952.0,5297.0,5707.0,6090.0,6242.0,6154.0,6765.0,6724.0,6651.0,7124.0,7032.0,7454.0,6849.0,7314.0,7788.0,7936.0,7923.0,7865.0,8242.0,8332.0,8293.0,7814.0,8331.0,8660.0,8326.0,8159.0,8712.0,8672.0,9176.0,8792.0,8983.0,9212.0,9384.0,9428.0,9089,9692.0,10401.0,9829,10260.0,11520,11966,12990,13324.0,13739.0,14696.0,14498.0,15004.0,15019.0,14555,14976.0,14799.0,14953,14267.0,14286.0,13189.0,12492.0,13742,14110.0,13742.0,13287.0,14608.0,14409.0,14167.0,13164.0,13481.0,13805.0,12243.0,14049.0,13657.0,12788.0,13426,14264.0,14340.0,14206.0,13532.0,13549.0,13637.0,13410.0,14217.0,14649.0,14678.0,15049.0,15016.0,15099,15371,15326,14843.0,15832.0,15480,14935,15978,15045.0,16293,15265.0,16112,17118,17416,16640,16470.0,17419,17093.0,17109,18394,18839,18731,19008.0,19214,19422.0,18382,18600,19155.0,18164.0,19003,20550.0,19230.0,19495,20610,20209.0,19462.0,20240.0,19637.0,21681.0
Syddjurs,3471.0,3195.0,3444.0,3197.0,3016.0,3325.0,3305.0,3543.0,3486.0,3426.0,3726.0,3861.0,3724.0,3727.0,3754.0,4122.0,4191.0,4060.0,4140.0,4544.0,4813.0,4424.0,4847.0,4729.0,5029.0,5048.0,5372.0,5106.0,5335.0,5431.0,5939.0,5815.0,5947.0,6088.0,5933.0,5716.0,6061.0,5949.0,6159.0,6023.0,5865.0,6129.0,6056.0,5661.0,5935.0,6435.0,6615.0,6568.0,6540,7167.0,7815.0,7847,7511.0,7250,8532,9664,9795.0,10124.0,11577.0,10697.0,11151.0,12126.0,11317,11364.0,11836.0,12076,11603.0,11048.0,9311.0,9948.0,10441,9845.0,10721.0,10973.0,9659.0,10186.0,10407.0,11003.0,10379.0,9191.0,9383.0,8590.0,9183.0,8737.0,9747,9359.0,9239.0,9092.0,9436.0,9270.0,9783.0,10146.0,9319.0,10223.0,9998.0,10474.0,10862.0,10115,9227,9999,9741.0,11013.0,10638,9262,11031,10726.0,10777,10288.0,9512,11187,11057,10874,11422.0,11080,12001.0,12257,13176,13237,12168,12337.0,11838,12760.0,11837,10894,11728.0,12993.0,13164,11397.0,12650.0,12638,12126,14208.0,14211.0,13316.0,13927.0,13401.0
Århus,5398.0,5417.0,5259.0,5409.0,4994.0,5425.0,5562.0,5451.0,5692.0,5707.0,5816.0,6046.0,6125.0,6094.0,6310.0,6676.0,6906.0,7078.0,7389.0,7706.0,8000.0,8284.0,8328.0,8335.0,8545.0,8977.0,9085.0,9170.0,9204.0,9533.0,9662.0,9368.0,9474.0,9765.0,9712.0,10136.0,10248.0,10167.0,10269.0,9776.0,9941.0,10490.0,10725.0,10411.0,10683.0,10962.0,11039.0,11024.0,11597,12494.0,12416.0,13318,13959.0,14935,16208,17117,18057.0,19563.0,19794.0,18904.0,19472.0,19488.0,19202,19118.0,18721.0,18847,18382.0,16811.0,16330.0,17136.0,16981,17086.0,17445.0,18566.0,17997.0,18320.0,18650.0,17780.0,17842.0,17072.0,17366.0,17923.0,17626.0,18174.0,17877,18240.0,17922.0,18202.0,18057.0,18164.0,18303.0,18629.0,19649.0,19826.0,19833.0,19583.0,19889.0,20660,20572,20067,20387.0,21119.0,20874,20358,21076,22495.0,21827,21717.0,21951,21981,22847,22831,22481.0,22935,24120.0,24965,26084,26188,26541,26763.0,26714,27326.0,26489,26600,26090.0,27291.0,25989,27401.0,25672.0,27112,26718,27525.0,27326.0,28638.0,28856.0,29239.0
Herning,3689.0,4059.0,3726.0,3717.0,3728.0,3843.0,3826.0,4114.0,4156.0,4290.0,3998.0,4165.0,4329.0,4455.0,4457.0,4618.0,4815.0,4863.0,4737.0,4747.0,5192.0,5179.0,5179.0,5085.0,5325.0,5523.0,5503.0,5556.0,5579.0,5869.0,5714.0,5852.0,5792.0,5922.0,5779.0,5686.0,5969.0,5921.0,5998.0,6035.0,6170.0,5862.0,6460.0,6042.0,5652.0,6348.0,6411.0,6312.0,6492,6421.0,6807.0,6797,6918.0,7324,7583,8088,8066.0,8383.0,9434.0,9114.0,9531.0,10218.0,9940,9631.0,10157.0,9773,9778.0,9629.0,8982.0,9382.0,9642,9782.0,8961.0,9655.0,8815.0,8716.0,9729.0,9578.0,8858.0,8990.0,9294.0,9562.0,9691.0,8394.0,8919,9355.0,9633.0,9258.0,8466.0,9330.0,9173.0,9412.0,8838.0,9414.0,9685.0,9167.0,9541.0,9591,9869,9188,9712.0,9927.0,10059,9399,9971,10500.0,9809,10460.0,9760,10123,10589,10745,10390.0,9931,10520.0,10636,11478,11053,11034,10680.0,11549,11377.0,11127,10399,11017.0,10835.0,10689,10493.0,11355.0,10764,11071,11212.0,10367.0,11331.0,10543.0,10761.0
Holstebro,3978.0,4041.0,3781.0,3764.0,3801.0,4296.0,4350.0,4222.0,4433.0,4740.0,4598.0,4376.0,4868.0,4734.0,4939.0,5288.0,5155.0,5145.0,5514.0,5571.0,5516.0,5882.0,5654.0,5251.0,5692.0,6144.0,5727.0,5796.0,6006.0,6333.0,5996.0,5830.0,6189.0,6258.0,6280.0,6151.0,6428.0,6616.0,6463.0,6399.0,6351.0,6776.0,6820.0,5986.0,6384.0,6864.0,6953.0,6596.0,7019,7383.0,7172.0,7093,7811.0,7987,8167,8567,8967.0,8589.0,9140.0,8798.0,10061.0,10225.0,10018,10198.0,10946.0,10337,9416.0,9542.0,10020.0,10630.0,9465,9093.0,10184.0,10261.0,9856.0,9918.0,9641.0,8953.0,9934.0,10483.0,9091.0,9151.0,9784.0,8737.0,9373,9338.0,9316.0,9498.0,8871.0,9847.0,9342.0,9355.0,9973.0,9747.0,8729.0,9534.0,9377.0,9867,9583,8867,10044.0,10046.0,9488,9574,10094,9927.0,9989,9535.0,9760,10361,9944,10478,9695.0,11086,11188.0,12056,11052,11323,11554,11338.0,11374,11172.0,10738,10290,11927.0,9887.0,10120,10814.0,11304.0,11342,10897,11177.0,11534.0,10992.0,10427.0,11096.0
Ikast-Brande,3698.0,3355.0,3234.0,3421.0,3269.0,3444.0,3537.0,3521.0,3915.0,3663.0,3625.0,3639.0,3819.0,3881.0,3738.0,3853.0,4017.0,4168.0,4348.0,4285.0,4579.0,4472.0,4789.0,4961.0,4796.0,4749.0,5217.0,5135.0,5131.0,5202.0,5107.0,5442.0,5305.0,5508.0,5379.0,5452.0,5264.0,5589.0,5474.0,5575.0,5519.0,5713.0,5505.0,5162.0,5582.0,5811.0,5741.0,5319.0,5621,6048.0,5942.0,6034,6148.0,6330,6625,6688,6839.0,7382.0,7289.0,7471.0,7885.0,8526.0,9077,8246.0,9488.0,8780,9193.0,8542.0,9787.0,8012.0,8046,8584.0,8246.0,8955.0,8500.0,8561.0,8737.0,8186.0,8271.0,7387.0,8102.0,7931.0,8507.0,8259.0,7413,7424.0,7979.0,7800.0,7937.0,8076.0,7380.0,7721.0,7788.0,8584.0,7459.0,7461.0,8204.0,7750,8042,7907,8718.0,9028.0,8816,8384,8002,8940.0,9435,8507.0,9021,9117,9223,8642,8740.0,9157,8868.0,9010,10184,10016,9517,9046.0,10142,9068.0,8567,8895,9164.0,9781.0,9612,7975.0,9485.0,9716,8992,9368.0,9820.0,9084.0,9840.0,9241.0
Lemvig,2505.0,2403.0,2656.0,2536.0,2767.0,2936.0,3268.0,2645.0,2819.0,2646.0,2531.0,2685.0,2687.0,3004.0,2528.0,2957.0,3081.0,2938.0,3188.0,3056.0,3298.0,3193.0,3283.0,3277.0,3472.0,3532.0,3347.0,3462.0,3739.0,3764.0,3897.0,3632.0,3655.0,3647.0,4291.0,4029.0,3925.0,3691.0,3931.0,3811.0,3775.0,4093.0,3621.0,3683.0,4094.0,4012.0,4453.0,4320.0,4161,4650.0,3851.0,4308,4807.0,4527,4211,4534,5366.0,4872.0,4811.0,4772.0,5022.0,5012.0,5761,5999.0,5901.0,5846,5578.0,5345.0,5190.0,5698.0,5520,5933.0,5368.0,5505.0,5873.0,5281.0,5265.0,5885.0,5874.0,4514.0,4929.0,5272.0,4099.0,4839.0,5005,4915.0,4552.0,4323.0,6180.0,5509.0,5269.0,5063.0,5560.0,3481.0,5187.0,4837.0,4961.0,4062,4584,4882,5820.0,4882.0,5434,5038,4983,5453.0,4885,5017.0,5100,5230,5265,5104,5789.0,5142,5170.0,6003,5645,5775,6582,6085.0,7004,6192.0,5495,5482,5653.0,5327.0,5621,5985.0,6187.0,5901,5118,5195.0,6676.0,6850.0,5494.0,6456.0
Ringkøbing-Skjern,3209.0,3055.0,3196.0,3106.0,2941.0,3020.0,3356.0,3161.0,3448.0,3530.0,3482.0,3212.0,3626.0,3577.0,3839.0,3757.0,3693.0,3849.0,3782.0,4090.0,4005.0,4293.0,4201.0,4219.0,4173.0,4504.0,4304.0,4199.0,4694.0,4841.0,4318.0,4704.0,4713.0,4976.0,4841.0,4827.0,4778.0,4791.0,4862.0,5037.0,5119.0,5380.0,5129.0,4806.0,4997.0,5361.0,5432.0,5216.0,4769,5442.0,5694.0,5894,5537.0,6011,5434,5857,5888.0,6260.0,6012.0,6334.0,6537.0,6811.0,6660,6732.0,7234.0,7174,7540.0,6850.0,7027.0,6880.0,6662,7072.0,6618.0,6821.0,7000.0,6999.0,6581.0,6592.0,6403.0,6829.0,6615.0,5971.0,6451.0,5506.0,6195,6135.0,5988.0,6553.0,5923.0,5999.0,6009.0,5680.0,6554.0,6258.0,5468.0,5892.0,5547.0,5986,5967,6274,6280.0,6419.0,6618,6341,6665,6688.0,6347,7147.0,7109,6737,7109,6676,7165.0,6495,7314.0,7295,7250,7461,7503,7548.0,7054,7236.0,7190,6919,6800.0,6504.0,7420,7701.0,7538.0,7901,7404,7722.0,7630.0,7348.0,8416.0,7050.0
Skive,3169.0,3238.0,3186.0,3266.0,3264.0,3564.0,3329.0,3384.0,3463.0,3489.0,3505.0,3399.0,3565.0,3613.0,3416.0,3829.0,3703.0,3914.0,3829.0,3825.0,3905.0,4082.0,3897.0,4213.0,4435.0,4178.0,4164.0,4052.0,4505.0,4522.0,4556.0,4510.0,4414.0,5012.0,4617.0,4805.0,4830.0,4603.0,4321.0,4542.0,4589.0,4572.0,4653.0,4868.0,4837.0,5057.0,4749.0,4994.0,5317,5287.0,5074.0,5079,5226.0,5298,5466,5071,5515.0,5695.0,5688.0,5514.0,5717.0,5667.0,5965,5750.0,5871.0,7351,6898.0,6707.0,6413.0,7470.0,6948,7005.0,7125.0,6401.0,6213.0,6756.0,6664.0,6936.0,5854.0,6681.0,6900.0,6668.0,6576.0,6567.0,6667,7018.0,6419.0,6286.0,6951.0,5634.0,6550.0,6082.0,6686.0,6091.0,5793.0,6224.0,6852.0,5932,6048,6385,5566.0,6543.0,6185,6603,7110,6036.0,6499,6543.0,5586,6866,6312,6057,5731.0,6018,7008.0,6484,6614,6756,6809,6920.0,6848,6397.0,6474,6786,6738.0,6807.0,6068,6356.0,6594.0,6170,6530,6130.0,6907.0,5995.0,7280.0,7135.0
Struer,3380.0,3594.0,3436.0,4753.0,3113.0,3365.0,3442.0,3659.0,3316.0,3362.0,3627.0,3512.0,3663.0,3591.0,3635.0,3698.0,4157.0,4201.0,3956.0,4070.0,4411.0,4476.0,4480.0,4651.0,4491.0,4949.0,4688.0,4450.0,5206.0,4670.0,4735.0,4814.0,5391.0,5249.0,4952.0,4835.0,5148.0,5532.0,5053.0,4863.0,5665.0,5192.0,4965.0,5317.0,4998.0,5228.0,5794.0,5764.0,4818,6623.0,6558.0,4768,5162.0,5572,5907,6678,7044.0,7007.0,6864.0,8403.0,8094.0,8060.0,7954,8081.0,8798.0,8562,7763.0,7035.0,7748.0,7688.0,7866,7277.0,7167.0,7502.0,7103.0,6992.0,7439.0,7238.0,8344.0,6914.0,6970.0,7848.0,6904.0,6253.0,6638,6552.0,7031.0,6968.0,6033.0,6583.0,6361.0,6349.0,5768.0,7008.0,6046.0,8224.0,6135.0,7643,6825,6500,5814.0,6483.0,6007,7192,5587,7766.0,6580,6779.0,6893,7445,6539,7219,7737.0,7632,6418.0,7020,7880,7101,7183,7242.0,7064,7346.0,7108,7282,7486.0,8290.0,6947,6130.0,7242.0,7053,7611,7809.0,7241.0,6807.0,7009.0,7176.0
Viborg,3721.0,3717.0,3470.0,3417.0,3574.0,3679.0,3779.0,3656.0,3699.0,3742.0,3934.0,3928.0,3768.0,3857.0,3631.0,4119.0,4090.0,4339.0,4251.0,4311.0,4743.0,4615.0,4644.0,4855.0,5028.0,5276.0,5082.0,4937.0,5350.0,5507.0,5499.0,5669.0,5670.0,5709.0,5820.0,5845.0,5935.0,5772.0,6093.0,5817.0,6059.0,6068.0,5877.0,5961.0,5906.0,6291.0,6226.0,6332.0,6764,6915.0,6464.0,6495,7153.0,7305,7343,7443,7818.0,8333.0,8418.0,8543.0,9215.0,8958.0,9292,9691.0,10071.0,9957,9447.0,9466.0,9818.0,9836.0,9037,9309.0,9572.0,9777.0,9782.0,8668.0,8738.0,9056.0,8198.0,8346.0,8700.0,8137.0,8867.0,8380.0,8272,8703.0,7881.0,8367.0,8863.0,8810.0,8117.0,8195.0,8626.0,9023.0,8690.0,8569.0,9140.0,9650,8890,9175,8818.0,8901.0,9133,9581,9564,9596.0,9385,10098.0,9474,10336,9833,10296,10210.0,9985,10074.0,10118,9898,10505,10941,10609.0,10676,10352.0,10029,9504,9860.0,10525.0,10434,9993.0,10045.0,10071,10654,10886.0,10869.0,11010.0,10315.0,11728.0
Brønderslev,2677.0,3021.0,2798.0,2991.0,2610.0,3085.0,3024.0,3331.0,2867.0,3280.0,3077.0,3334.0,3176.0,3269.0,3322.0,3028.0,3470.0,3534.0,3543.0,3814.0,3675.0,4044.0,3593.0,3863.0,4224.0,3920.0,3891.0,4340.0,4534.0,4402.0,4439.0,4653.0,3951.0,4779.0,4479.0,4771.0,4717.0,4824.0,4640.0,4668.0,4813.0,5122.0,4641.0,4880.0,4460.0,5206.0,4828.0,4844.0,4824,5506.0,5384.0,5602,5210.0,5256,5775,5356,5607.0,6499.0,5990.0,6246.0,6522.0,6588.0,7019,7235.0,7048.0,7108,7075.0,7166.0,8225.0,7604.0,7258,7335.0,7386.0,6713.0,7092.0,6193.0,6271.0,7355.0,7203.0,6309.0,6799.0,6310.0,6553.0,6351.0,7218,6682.0,6309.0,6593.0,7034.0,6299.0,7873.0,6640.0,7471.0,7111.0,7480.0,6527.0,7183.0,7453,6951,7297,8041.0,6592.0,7251,7156,7249,7766.0,7776,7163.0,7489,7214,8523,8228,7601.0,7220,7618.0,7624,7815,7358,8188,7550.0,7964,7693.0,7052,7434,7711.0,7428.0,7534,7120.0,7946.0,7847,8169,8124.0,7274.0,8772.0,7674.0,8969.0
Frederikshavn,3640.0,3645.0,3475.0,3562.0,3301.0,3392.0,3529.0,3584.0,3777.0,4056.0,3866.0,3969.0,3983.0,3983.0,3861.0,3931.0,3840.0,4226.0,4279.0,4601.0,4599.0,4444.0,4455.0,4571.0,4816.0,4719.0,4652.0,4954.0,5182.0,5150.0,5037.0,4572.0,5300.0,5114.0,5411.0,5344.0,5456.0,5545.0,5475.0,5244.0,5410.0,5900.0,5619.0,5103.0,5731.0,5616.0,6016.0,6056.0,5878,6404.0,6229.0,6105,6469.0,7102,7010,6948,7137.0,8115.0,8136.0,7807.0,7947.0,8995.0,9209,7815.0,8826.0,8623,7914.0,8504.0,7748.0,8695.0,9129,9050.0,8379.0,9806.0,8751.0,8003.0,7933.0,8162.0,8638.0,7370.0,8885.0,8948.0,8081.0,7728.0,7947,8249.0,8667.0,7391.0,7893.0,8683.0,8211.0,7586.0,8184.0,7957.0,8531.0,7651.0,7757.0,7688,9338,8081,8167.0,7836.0,8067,9216,8785,8874.0,10086,8452.0,8563,8308,9305,8644,9570.0,11308,9923.0,9228,10663,10143,10307,9061.0,10054,9628.0,9780,8239,9174.0,10016.0,10803,8475.0,9258.0,9719,9365,8638.0,8590.0,9020.0,10463.0,8100.0
Hjørring,3305.0,3292.0,3270.0,3059.0,3084.0,3242.0,3513.0,3234.0,3464.0,3612.0,3569.0,3512.0,3495.0,3481.0,3809.0,3643.0,3675.0,3759.0,3623.0,3902.0,3807.0,3998.0,4072.0,4381.0,4117.0,4338.0,4342.0,4271.0,4364.0,4594.0,4569.0,4807.0,4486.0,4854.0,4466.0,4368.0,4880.0,4711.0,4661.0,4696.0,4722.0,5053.0,5005.0,5046.0,5039.0,5089.0,4971.0,5143.0,5177,5005.0,5222.0,5384,5491.0,5754,6075,5642,6253.0,6364.0,6203.0,6518.0,6873.0,7465.0,6960,7613.0,7374.0,7322,7412.0,7445.0,6843.0,7351.0,6970,7343.0,7356.0,7747.0,7403.0,8077.0,7498.0,7393.0,6743.0,6780.0,7627.0,7447.0,7095.0,6537.0,7060,6432.0,6548.0,6535.0,6503.0,7389.0,6541.0,6850.0,7030.0,6512.0,7013.0,6740.0,7098.0,7579,7616,6980,7133.0,7721.0,7160,7577,7215,7287.0,7648,8213.0,7411,7863,7470,7760,8093.0,7258,8105.0,7309,7666,8438,8767,7890.0,7710,8674.0,8116,7631,7867.0,8338.0,7814,8298.0,7988.0,7756,7347,8641.0,7902.0,8186.0,8360.0,8171.0
Jammerbugt,2825.0,2846.0,3043.0,2571.0,2540.0,3036.0,2894.0,2830.0,3044.0,3245.0,3235.0,2994.0,3184.0,3049.0,3082.0,3326.0,3395.0,3338.0,3377.0,3510.0,3397.0,3756.0,4008.0,3998.0,4006.0,4202.0,4232.0,3918.0,4253.0,4459.0,4471.0,4483.0,4576.0,4265.0,4998.0,4607.0,4950.0,4746.0,5026.0,4681.0,4958.0,4695.0,4604.0,4890.0,4881.0,5072.0,5353.0,5290.0,5065,5792.0,5423.0,4989,5442.0,5888,5918,6020,6062.0,6280.0,6391.0,6976.0,6650.0,7545.0,7705,7004.0,7744.0,7083,7557.0,7284.0,6460.0,7614.0,6901,7613.0,6962.0,7714.0,7292.0,7227.0,6738.0,6702.0,6678.0,7108.0,7279.0,6645.0,6751.0,6461.0,6922,7281.0,6918.0,7521.0,6844.0,7812.0,6523.0,6384.0,6951.0,8264.0,7262.0,7146.0,7258.0,8045,7626,7181,8344.0,8082.0,8481,7948,7326,8170.0,7785,7264.0,7972,7721,7182,7069,8037.0,8813,7688.0,8660,9261,7946,8461,8162.0,7975,8966.0,6799,8053,8094.0,7944.0,7256,7487.0,8844.0,9289,9083,8368.0,8216.0,7970.0,7493.0,8241.0
Læsø,,2885.0,3117.0,2676.0,2861.0,2694.0,2390.0,2911.0,2842.0,1747.0,3313.0,2568.0,2570.0,,2626.0,2695.0,2968.0,2436.0,2681.0,3118.0,2465.0,2587.0,2807.0,3204.0,2599.0,2633.0,2753.0,2976.0,3299.0,3225.0,3819.0,4642.0,3501.0,3479.0,3532.0,3635.0,3400.0,3521.0,4435.0,,3090.0,4069.0,3439.0,5154.0,4338.0,4370.0,3655.0,4505.0,3204,5914.0,,4702,4265.0,5224,3627,5844,,6641.0,,7424.0,,7374.0,7075,,,6997,,,,,7296,,,,6419.0,,,,,,,,8110.0,,5791,6291.0,,,,,5749.0,,,6718.0,,,,4019,5106,5934,,,6520,6661,6373,,10209,6146.0,5449,7808,5778,5646,,7673,,6663,5887,8764,5635,,6224,,8935,7535,,,6335,,,7832,7011,,,,,
Mariagerfjord,2758.0,2954.0,2774.0,2641.0,2911.0,2987.0,3085.0,3019.0,2983.0,3029.0,3070.0,3220.0,3271.0,3408.0,3207.0,3440.0,3464.0,3539.0,3611.0,3879.0,3540.0,3977.0,4152.0,3868.0,4120.0,4545.0,4409.0,4282.0,4682.0,4555.0,4535.0,4517.0,4658.0,4573.0,4853.0,5050.0,5047.0,4743.0,5022.0,4506.0,4893.0,4957.0,4614.0,5147.0,4883.0,5263.0,5014.0,5035.0,5172,5570.0,5545.0,5603,5874.0,6024,6192,6561,7284.0,6990.0,7111.0,7083.0,7823.0,7816.0,7866,7497.0,7691.0,8202,7334.0,7772.0,7061.0,8013.0,8082,7319.0,7944.0,7813.0,7191.0,7561.0,7092.0,8328.0,6961.0,7154.0,6898.0,7692.0,6290.0,7030.0,6963,7340.0,6649.0,6467.0,5813.0,7149.0,6820.0,6804.0,6642.0,7123.0,6782.0,6449.0,8580.0,6751,6812,7418,6961.0,6756.0,7814,7439,7159,7808.0,7222,7316.0,6978,7639,8080,7653,6816.0,7640,7667.0,7771,7873,7748,8295,8468.0,7443,8349.0,8351,7274,8008.0,8478.0,7331,8077.0,8478.0,8372,8982,9078.0,8928.0,7955.0,8741.0,7848.0
Morsø,2706.0,2754.0,2702.0,2571.0,2607.0,2794.0,2791.0,2571.0,2694.0,2898.0,2666.0,2578.0,2621.0,2696.0,2877.0,3030.0,2986.0,2943.0,2750.0,3046.0,2969.0,3215.0,2938.0,3249.0,3031.0,3216.0,3125.0,3100.0,3261.0,2902.0,3344.0,4099.0,3092.0,4120.0,3847.0,4060.0,3750.0,3616.0,3458.0,3543.0,3530.0,3808.0,3443.0,3651.0,3537.0,3919.0,3575.0,4079.0,4071,3919.0,4358.0,3449,4334.0,4744,4671,4599,4342.0,4495.0,4901.0,4513.0,5049.0,4882.0,5734,4941.0,5983.0,5459,5406.0,5807.0,5777.0,5451.0,5622,5059.0,5323.0,5732.0,6177.0,6065.0,5480.0,4588.0,4252.0,4101.0,4612.0,4533.0,4753.0,4480.0,4792,4337.0,5535.0,4209.0,5547.0,4623.0,4706.0,5703.0,6123.0,5275.0,5784.0,4736.0,4505.0,5859,5523,5041,6157.0,5459.0,4898,5778,5018,4656.0,5431,4950.0,5511,4893,5501,4972,4911.0,5584,4757.0,5758,5106,5134,6400,4937.0,6038,4910.0,4393,5482,4780.0,5579.0,5269,5905.0,6032.0,6385,6674,5214.0,7769.0,4809.0,5749.0,4902.0
Rebild,3040.0,2901.0,2845.0,2772.0,2710.0,2881.0,3066.0,3208.0,3093.0,3302.0,3558.0,3404.0,3471.0,3538.0,3378.0,3550.0,3389.0,3687.0,3571.0,3784.0,3658.0,3888.0,3713.0,3832.0,4244.0,4173.0,4284.0,4169.0,4619.0,4794.0,5241.0,4711.0,4436.0,4807.0,5305.0,5051.0,4813.0,5258.0,4838.0,5099.0,4806.0,5484.0,5563.0,5075.0,5137.0,4960.0,5010.0,5398.0,5629,5504.0,5617.0,5167,5342.0,5292,6326,6251,6854.0,7418.0,7702.0,7309.0,8040.0,9712.0,8289,8833.0,7298.0,7892,7909.0,8310.0,8609.0,8426.0,7897,8938.0,8148.0,7412.0,8847.0,8094.0,7839.0,7629.0,7201.0,7995.0,7071.0,8048.0,8406.0,7689.0,7424,8886.0,7572.0,8322.0,9093.0,8744.0,8038.0,9353.0,8467.0,8941.0,8272.0,8333.0,8762.0,8843,9783,8584,9358.0,9476.0,8160,9333,8931,9795.0,9192,9416.0,10170,9951,9669,10810,10539.0,9784,9887.0,10406,11561,11336,9999,10409.0,11256,12467.0,10498,11846,10546.0,10790.0,10749,10225.0,12371.0,11248,12136,10500.0,11769.0,12169.0,11969.0,12934.0
Thisted,2750.0,2646.0,2597.0,2485.0,2874.0,2956.0,3038.0,3252.0,3074.0,3171.0,3094.0,3139.0,3092.0,3105.0,3190.0,3277.0,3350.0,3437.0,3560.0,3566.0,3612.0,3696.0,3437.0,3539.0,3859.0,3897.0,4099.0,3880.0,4224.0,4252.0,4007.0,4044.0,4253.0,4242.0,4218.0,4355.0,4492.0,4624.0,4383.0,4201.0,4193.0,4283.0,4533.0,4413.0,4320.0,4614.0,4601.0,4323.0,4742,5071.0,4483.0,4979,4717.0,5348,4798,5017,5958.0,5518.0,5452.0,5736.0,5972.0,6247.0,6289,6407.0,6533.0,6254,6644.0,7142.0,5997.0,6784.0,6278,6183.0,6191.0,6781.0,6733.0,5894.0,6424.0,6537.0,6064.0,5369.0,6409.0,6236.0,5907.0,5619.0,5956,5318.0,5990.0,5496.0,6167.0,6131.0,5347.0,5689.0,6500.0,6768.0,6548.0,5922.0,6229.0,6148,6676,6533,5906.0,6361.0,6285,7142,6149,6810.0,6730,5896.0,6587,7029,6657,7045,6862.0,7502,6710.0,7353,7187,7675,7327,7279.0,7021,7834.0,7567,6985,7059.0,6644.0,7061,6512.0,7136.0,8003,8090,8109.0,7470.0,7978.0,7769.0,7978.0
Vesthimmerlands,2802.0,2587.0,2529.0,2730.0,2766.0,2764.0,2924.0,2964.0,3262.0,3063.0,2981.0,2799.0,2846.0,3277.0,3278.0,3386.0,3505.0,3229.0,3126.0,3457.0,3331.0,3631.0,3269.0,3342.0,3811.0,4131.0,3685.0,4289.0,3739.0,3971.0,4158.0,3974.0,4146.0,4049.0,3943.0,4119.0,4145.0,4558.0,4328.0,4150.0,4201.0,4339.0,4273.0,4326.0,4184.0,4369.0,3949.0,3835.0,4847,4634.0,4718.0,4485,4349.0,5016,5239,4876,5141.0,5368.0,5268.0,5649.0,5554.0,5862.0,5755,6041.0,6325.0,6164,5828.0,5780.0,5861.0,7445.0,6025,6319.0,6476.0,6347.0,6826.0,6766.0,5161.0,6231.0,5622.0,6175.0,5673.0,6095.0,6091.0,5966.0,6626,6372.0,6102.0,5821.0,5432.0,5682.0,6062.0,6463.0,5944.0,5977.0,6178.0,5919.0,6374.0,6453,6545,5622,6865.0,6326.0,6791,6756,6143,6457.0,5760,6382.0,6352,6938,6676,6732,7253.0,6898,6634.0,6749,7554,6744,7454,7255.0,6605,6850.0,7634,6710,7034.0,6347.0,6749,6767.0,5913.0,6758,7203,6551.0,7153.0,7060.0,6760.0,7203.0
Aalborg,3764.0,3895.0,3645.0,3581.0,3560.0,3972.0,4079.0,4077.0,4020.0,4086.0,4165.0,4261.0,4276.0,4418.0,4463.0,4721.0,4791.0,4987.0,4903.0,5022.0,5382.0,5520.0,5814.0,5812.0,6198.0,6109.0,6517.0,6249.0,6509.0,6644.0,6789.0,6568.0,6772.0,6800.0,6951.0,7377.0,7024.0,7217.0,7172.0,6777.0,6952.0,7319.0,7186.0,7165.0,7169.0,7402.0,7236.0,7536.0,7544,7906.0,8176.0,8222,8402.0,8991,8858,9278,9983.0,11181.0,11201.0,11726.0,11369.0,11649.0,11571,11965.0,11567.0,11752,12031.0,11817.0,11065.0,11494.0,11392,11291.0,11584.0,11660.0,11781.0,11502.0,12048.0,11874.0,11189.0,11723.0,11351.0,11197.0,11551.0,11774.0,11561,12340.0,11545.0,11717.0,11622.0,11849.0,11968.0,11961.0,12472.0,12919.0,12326.0,13116.0,12404.0,13333,13711,13518,13528.0,13881.0,14143,14653,13927,14073.0,14022,13657.0,13939,14201,14281,14660,14197.0,14193,14150.0,14433,15001,15236,14869,14840.0,15353,15077.0,14251,15413,14782.0,15225.0,15081,14725.0,15552.0,15855,15237,15594.0,15469.0,15949.0,15144.0,16150.0
