kommune,år,income
København,1992,144390
Frederiksberg,1992,174495
Dragør,1992,203082
Tårnby,1992,170590
Albertslund,1992,163585
Ballerup,1992,170094
Brøndby,1992,162441
Gentofte,1992,232866
Gladsaxe,1992,166418
Glostrup,1992,168078
Herlev,1992,165177
Hvidovre,1992,160301
Høje-Taastrup,1992,170568
Ishøj,1992,162136
Lyngby-Taarbæk,1992,196568
Rødovre,1992,162544
Vallensbæk,1992,199674
Allerød,1992,202847
Egedal,1992,190252
Fredensborg,1992,187850
Frederikssund,1992,165331
Furesø,1992,207175
Gribskov,1992,163677
Halsnæs,1992,151796
Helsingør,1992,165917
Hillerød,1992,176369
Hørsholm,1992,234254
Rudersdal,1992,237720
Bornholm,1992,135208
Greve,1992,184329
Køge,1992,162079
Lejre,1992,174616
Roskilde,1992,173378
Solrød,1992,187450
Faxe,1992,149970
Guldborgsund,1992,136759
Holbæk,1992,151580
Kalundborg,1992,148490
Lolland,1992,132992
Næstved,1992,147806
Odsherred,1992,142715
Ringsted,1992,152588
Slagelse,1992,147822
Sorø,1992,146229
Stevns,1992,154030
Vordingborg,1992,139165
Assens,1992,140579
Faaborg-Midtfyn,1992,142072
Kerteminde,1992,151249
Langeland,1992,127712
Middelfart,1992,147390
Nordfyns,1992,140697
Nyborg,1992,146780
Odense,1992,144848
Svendborg,1992,142756
Ærø,1992,129029
Billund,1992,154505
Esbjerg,1992,152357
Fanø,1992,154562
Fredericia,1992,153260
Haderslev,1992,143554
Kolding,1992,152368
Sønderborg,1992,146201
Tønder,1992,138044
Varde,1992,145233
Vejen,1992,141363
Vejle,1992,151599
Aabenraa,1992,144251
Favrskov,1992,151698
Hedensted,1992,146296
Horsens,1992,147275
Norddjurs,1992,140915
Odder,1992,151959
Randers,1992,142808
Samsø,1992,124545
Silkeborg,1992,150002
Skanderborg,1992,158534
Syddjurs,1992,146767
Aarhus,1992,154181
Herning,1992,149882
Holstebro,1992,144970
Ikast-Brande,1992,146571
Lemvig,1992,141156
Ringkøbing-Skjern,1992,142739
Skive,1992,141403
Struer,1992,144226
Viborg,1992,145173
Brønderslev,1992,134605
Frederikshavn,1992,145442
Hjørring,1992,140267
Jammerbugt,1992,137896
Læsø,1992,130902
Mariagerfjord,1992,138311
Morsø,1992,132753
Rebild,1992,143573
Thisted,1992,139057
Vesthimmerland,1992,134061
Aalborg,1992,146714
København,1993,146145
Frederiksberg,1993,179198
Dragør,1993,206589
Tårnby,1993,171550
Albertslund,1993,165338
Ballerup,1993,172848
Brøndby,1993,161779
Gentofte,1993,236742
Gladsaxe,1993,168183
Glostrup,1993,167904
Herlev,1993,166930
Hvidovre,1993,162323
Høje-Taastrup,1993,171207
Ishøj,1993,161920
Lyngby-Taarbæk,1993,200710
Rødovre,1993,163931
Vallensbæk,1993,201452
Allerød,1993,206120
Egedal,1993,192808
Fredensborg,1993,189412
Frederikssund,1993,168281
Furesø,1993,204798
Gribskov,1993,165970
Halsnæs,1993,152896
Helsingør,1993,168376
Hillerød,1993,179225
Hørsholm,1993,251344
Rudersdal,1993,239218
Bornholm,1993,138160
Greve,1993,187371
Køge,1993,165111
Lejre,1993,178921
Roskilde,1993,176491
Solrød,1993,199567
Faxe,1993,152572
Guldborgsund,1993,139897
Holbæk,1993,153569
Kalundborg,1993,151126
Lolland,1993,135187
Næstved,1993,150479
Odsherred,1993,145773
Ringsted,1993,154505
Slagelse,1993,151615
Sorø,1993,149661
Stevns,1993,158021
Vordingborg,1993,143038
Assens,1993,142675
Faaborg-Midtfyn,1993,144213
Kerteminde,1993,152652
Langeland,1993,130115
Middelfart,1993,150719
Nordfyns,1993,142866
Nyborg,1993,147431
Odense,1993,148110
Svendborg,1993,145156
Ærø,1993,129686
Billund,1993,158602
Esbjerg,1993,155055
Fanø,1993,159163
Fredericia,1993,156645
Haderslev,1993,146964
Kolding,1993,156005
Sønderborg,1993,149618
Tønder,1993,141474
Varde,1993,148074
Vejen,1993,144646
Vejle,1993,153057
Aabenraa,1993,147441
Favrskov,1993,154505
Hedensted,1993,149478
Horsens,1993,149784
Norddjurs,1993,143023
Odder,1993,153171
Randers,1993,145865
Samsø,1993,127077
Silkeborg,1993,155685
Skanderborg,1993,160132
Syddjurs,1993,150064
Aarhus,1993,155833
Herning,1993,152107
Holstebro,1993,148354
Ikast-Brande,1993,150109
Lemvig,1993,142898
Ringkøbing-Skjern,1993,146903
Skive,1993,146218
Struer,1993,147203
Viborg,1993,147393
Brønderslev,1993,137333
Frederikshavn,1993,147749
Hjørring,1993,143263
Jammerbugt,1993,141150
Læsø,1993,130041
Mariagerfjord,1993,141552
Morsø,1993,136131
Rebild,1993,146862
Thisted,1993,141354
Vesthimmerland,1993,136425
Aalborg,1993,149406
København,1994,157207
Frederiksberg,1994,189530
Dragør,1994,211044
Tårnby,1994,179304
Albertslund,1994,173912
Ballerup,1994,181751
Brøndby,1994,169097
Gentofte,1994,252588
Gladsaxe,1994,177728
Glostrup,1994,178336
Herlev,1994,174879
Hvidovre,1994,170589
Høje-Taastrup,1994,180567
Ishøj,1994,171028
Lyngby-Taarbæk,1994,209705
Rødovre,1994,173311
Vallensbæk,1994,208925
Allerød,1994,214698
Egedal,1994,202054
Fredensborg,1994,199857
Frederikssund,1994,177055
Furesø,1994,218208
Gribskov,1994,176644
Halsnæs,1994,162174
Helsingør,1994,177560
Hillerød,1994,190395
Hørsholm,1994,249200
Rudersdal,1994,236149
Bornholm,1994,148295
Greve,1994,195623
Køge,1994,175066
Lejre,1994,186909
Roskilde,1994,186252
Solrød,1994,202392
Faxe,1994,162060
Guldborgsund,1994,148886
Holbæk,1994,164987
Kalundborg,1994,161739
Lolland,1994,144867
Næstved,1994,161144
Odsherred,1994,155935
Ringsted,1994,165975
Slagelse,1994,160802
Sorø,1994,160508
Stevns,1994,167132
Vordingborg,1994,153455
Assens,1994,154963
Faaborg-Midtfyn,1994,154772
Kerteminde,1994,164819
Langeland,1994,139292
Middelfart,1994,161685
Nordfyns,1994,153867
Nyborg,1994,156667
Odense,1994,157689
Svendborg,1994,153921
Ærø,1994,141433
Billund,1994,171735
Esbjerg,1994,165351
Fanø,1994,167692
Fredericia,1994,166447
Haderslev,1994,156528
Kolding,1994,166836
Sønderborg,1994,159297
Tønder,1994,153159
Varde,1994,159974
Vejen,1994,155791
Vejle,1994,165045
Aabenraa,1994,159478
Favrskov,1994,167200
Hedensted,1994,160502
Horsens,1994,161414
Norddjurs,1994,153690
Odder,1994,163113
Randers,1994,156909
Samsø,1994,139861
Silkeborg,1994,166052
Skanderborg,1994,170841
Syddjurs,1994,158370
Aarhus,1994,165863
Herning,1994,163697
Holstebro,1994,160288
Ikast-Brande,1994,158021
Lemvig,1994,154316
Ringkøbing-Skjern,1994,157992
Skive,1994,156177
Struer,1994,156445
Viborg,1994,158490
Brønderslev,1994,148138
Frederikshavn,1994,157764
Hjørring,1994,153550
Jammerbugt,1994,151669
Læsø,1994,143363
Mariagerfjord,1994,153300
Morsø,1994,146071
Rebild,1994,158777
Thisted,1994,151948
Vesthimmerland,1994,148976
Aalborg,1994,159249
København,1995,161926
Frederiksberg,1995,197266
Dragør,1995,220330
Tårnby,1995,184378
Albertslund,1995,179120
Ballerup,1995,187775
Brøndby,1995,173362
Gentofte,1995,262829
Gladsaxe,1995,184409
Glostrup,1995,183864
Herlev,1995,179964
Hvidovre,1995,175844
Høje-Taastrup,1995,186875
Ishøj,1995,175433
Lyngby-Taarbæk,1995,216042
Rødovre,1995,177831
Vallensbæk,1995,215289
Allerød,1995,223112
Egedal,1995,211242
Fredensborg,1995,207920
Frederikssund,1995,185364
Furesø,1995,227734
Gribskov,1995,183020
Halsnæs,1995,169157
Helsingør,1995,185110
Hillerød,1995,196630
Hørsholm,1995,276546
Rudersdal,1995,258547
Bornholm,1995,153031
Greve,1995,203390
Køge,1995,182091
Lejre,1995,195706
Roskilde,1995,195011
Solrød,1995,210893
Faxe,1995,169095
Guldborgsund,1995,154834
Holbæk,1995,171705
Kalundborg,1995,168539
Lolland,1995,149535
Næstved,1995,168129
Odsherred,1995,161061
Ringsted,1995,175083
Slagelse,1995,167026
Sorø,1995,168652
Stevns,1995,174828
Vordingborg,1995,158678
Assens,1995,161234
Faaborg-Midtfyn,1995,161022
Kerteminde,1995,171218
Langeland,1995,145443
Middelfart,1995,169610
Nordfyns,1995,161073
Nyborg,1995,163461
Odense,1995,163234
Svendborg,1995,158831
Ærø,1995,148075
Billund,1995,175222
Esbjerg,1995,170791
Fanø,1995,175593
Fredericia,1995,174532
Haderslev,1995,163592
Kolding,1995,174928
Sønderborg,1995,167262
Tønder,1995,159617
Varde,1995,167045
Vejen,1995,162616
Vejle,1995,173240
Aabenraa,1995,166954
Favrskov,1995,172696
Hedensted,1995,168979
Horsens,1995,171010
Norddjurs,1995,160401
Odder,1995,172079
Randers,1995,163894
Samsø,1995,150672
Silkeborg,1995,175233
Skanderborg,1995,179927
Syddjurs,1995,168086
Aarhus,1995,172399
Herning,1995,171448
Holstebro,1995,166884
Ikast-Brande,1995,164568
Lemvig,1995,161549
Ringkøbing-Skjern,1995,166146
Skive,1995,163704
Struer,1995,165197
Viborg,1995,166442
Brønderslev,1995,155453
Frederikshavn,1995,163597
Hjørring,1995,159115
Jammerbugt,1995,158756
Læsø,1995,149842
Mariagerfjord,1995,159058
Morsø,1995,151853
Rebild,1995,165120
Thisted,1995,159167
Vesthimmerland,1995,155217
Aalborg,1995,166348
København,1996,167559
Frederiksberg,1996,204176
Dragør,1996,231570
Tårnby,1996,190478
Albertslund,1996,183150
Ballerup,1996,192508
Brøndby,1996,175605
Gentofte,1996,275624
Gladsaxe,1996,190643
Glostrup,1996,188627
Herlev,1996,185224
Hvidovre,1996,181327
Høje-Taastrup,1996,192925
Ishøj,1996,180443
Lyngby-Taarbæk,1996,226121
Rødovre,1996,182516
Vallensbæk,1996,221615
Allerød,1996,230321
Egedal,1996,218030
Fredensborg,1996,217100
Frederikssund,1996,193143
Furesø,1996,234332
Gribskov,1996,189438
Halsnæs,1996,175640
Helsingør,1996,192477
Hillerød,1996,203792
Hørsholm,1996,277434
Rudersdal,1996,271604
Bornholm,1996,157091
Greve,1996,210746
Køge,1996,189205
Lejre,1996,204544
Roskilde,1996,201621
Solrød,1996,219763
Faxe,1996,176220
Guldborgsund,1996,160776
Holbæk,1996,177548
Kalundborg,1996,172780
Lolland,1996,154149
Næstved,1996,173708
Odsherred,1996,166750
Ringsted,1996,180231
Slagelse,1996,171059
Sorø,1996,175796
Stevns,1996,181234
Vordingborg,1996,163873
Assens,1996,167155
Faaborg-Midtfyn,1996,166404
Kerteminde,1996,176523
Langeland,1996,150817
Middelfart,1996,175928
Nordfyns,1996,166246
Nyborg,1996,168053
Odense,1996,168261
Svendborg,1996,166122
Ærø,1996,151189
Billund,1996,181110
Esbjerg,1996,176012
Fanø,1996,183616
Fredericia,1996,179049
Haderslev,1996,169711
Kolding,1996,180835
Sønderborg,1996,173083
Tønder,1996,165368
Varde,1996,173561
Vejen,1996,167699
Vejle,1996,179242
Aabenraa,1996,172835
Favrskov,1996,181233
Hedensted,1996,175708
Horsens,1996,173518
Norddjurs,1996,165760
Odder,1996,177772
Randers,1996,170083
Samsø,1996,155102
Silkeborg,1996,185279
Skanderborg,1996,186755
Syddjurs,1996,174954
Aarhus,1996,178240
Herning,1996,177468
Holstebro,1996,173138
Ikast-Brande,1996,171133
Lemvig,1996,168176
Ringkøbing-Skjern,1996,170698
Skive,1996,172800
Struer,1996,172899
Viborg,1996,172578
Brønderslev,1996,161571
Frederikshavn,1996,168833
Hjørring,1996,165504
Jammerbugt,1996,165956
Læsø,1996,155970
Mariagerfjord,1996,165764
Morsø,1996,159449
Rebild,1996,171487
Thisted,1996,164423
Vesthimmerland,1996,160131
Aalborg,1996,171472
København,1997,172856
Frederiksberg,1997,212146
Dragør,1997,239897
Tårnby,1997,195427
Albertslund,1997,187986
Ballerup,1997,198749
Brøndby,1997,180688
Gentofte,1997,290055
Gladsaxe,1997,197645
Glostrup,1997,194094
Herlev,1997,190418
Hvidovre,1997,187023
Høje-Taastrup,1997,199865
Ishøj,1997,184886
Lyngby-Taarbæk,1997,238639
Rødovre,1997,188399
Vallensbæk,1997,230775
Allerød,1997,244527
Egedal,1997,227947
Fredensborg,1997,243134
Frederikssund,1997,202460
Furesø,1997,245300
Gribskov,1997,197338
Halsnæs,1997,181808
Helsingør,1997,199085
Hillerød,1997,213348
Hørsholm,1997,298933
Rudersdal,1997,285910
Bornholm,1997,161721
Greve,1997,219764
Køge,1997,196919
Lejre,1997,212263
Roskilde,1997,210419
Solrød,1997,226524
Faxe,1997,183245
Guldborgsund,1997,165704
Holbæk,1997,184081
Kalundborg,1997,179661
Lolland,1997,158830
Næstved,1997,180209
Odsherred,1997,172649
Ringsted,1997,186706
Slagelse,1997,176783
Sorø,1997,180189
Stevns,1997,187628
Vordingborg,1997,170222
Assens,1997,174796
Faaborg-Midtfyn,1997,173463
Kerteminde,1997,183894
Langeland,1997,154357
Middelfart,1997,183598
Nordfyns,1997,173547
Nyborg,1997,173964
Odense,1997,174847
Svendborg,1997,170653
Ærø,1997,158176
Billund,1997,189627
Esbjerg,1997,184614
Fanø,1997,186930
Fredericia,1997,184212
Haderslev,1997,175405
Kolding,1997,189105
Sønderborg,1997,179186
Tønder,1997,171696
Varde,1997,180374
Vejen,1997,174058
Vejle,1997,187598
Aabenraa,1997,178070
Favrskov,1997,188540
Hedensted,1997,184159
Horsens,1997,180375
Norddjurs,1997,171264
Odder,1997,185859
Randers,1997,176755
Samsø,1997,159024
Silkeborg,1997,189492
Skanderborg,1997,194983
Syddjurs,1997,181519
Aarhus,1997,184618
Herning,1997,185192
Holstebro,1997,179613
Ikast-Brande,1997,179167
Lemvig,1997,177854
Ringkøbing-Skjern,1997,179499
Skive,1997,174468
Struer,1997,181195
Viborg,1997,180097
Brønderslev,1997,169483
Frederikshavn,1997,176033
Hjørring,1997,172622
Jammerbugt,1997,172474
Læsø,1997,163707
Mariagerfjord,1997,173724
Morsø,1997,165990
Rebild,1997,180111
Thisted,1997,172863
Vesthimmerland,1997,167405
Aalborg,1997,177812
København,1998,181669
Frederiksberg,1998,222859
Dragør,1998,250354
Tårnby,1998,202630
Albertslund,1998,195435
Ballerup,1998,207913
Brøndby,1998,188420
Gentofte,1998,307167
Gladsaxe,1998,206038
Glostrup,1998,201945
Herlev,1998,197781
Hvidovre,1998,195022
Høje-Taastrup,1998,206781
Ishøj,1998,192152
Lyngby-Taarbæk,1998,246463
Rødovre,1998,195838
Vallensbæk,1998,238085
Allerød,1998,255833
Egedal,1998,238456
Fredensborg,1998,236865
Frederikssund,1998,206326
Furesø,1998,257555
Gribskov,1998,207489
Halsnæs,1998,189159
Helsingør,1998,210456
Hillerød,1998,223324
Hørsholm,1998,314650
Rudersdal,1998,305630
Bornholm,1998,167353
Greve,1998,229622
Køge,1998,205433
Lejre,1998,220929
Roskilde,1998,220271
Solrød,1998,238625
Faxe,1998,192312
Guldborgsund,1998,171565
Holbæk,1998,192343
Kalundborg,1998,186642
Lolland,1998,164820
Næstved,1998,188110
Odsherred,1998,178336
Ringsted,1998,195298
Slagelse,1998,183784
Sorø,1998,188992
Stevns,1998,195900
Vordingborg,1998,177385
Assens,1998,183168
Faaborg-Midtfyn,1998,181032
Kerteminde,1998,192123
Langeland,1998,160711
Middelfart,1998,193148
Nordfyns,1998,181371
Nyborg,1998,181274
Odense,1998,183260
Svendborg,1998,179489
Ærø,1998,162945
Billund,1998,197803
Esbjerg,1998,191033
Fanø,1998,198338
Fredericia,1998,192733
Haderslev,1998,181827
Kolding,1998,197500
Sønderborg,1998,186869
Tønder,1998,180107
Varde,1998,186534
Vejen,1998,181254
Vejle,1998,193982
Aabenraa,1998,186033
Favrskov,1998,196592
Hedensted,1998,191824
Horsens,1998,188711
Norddjurs,1998,177207
Odder,1998,196292
Randers,1998,183640
Samsø,1998,165367
Silkeborg,1998,198837
Skanderborg,1998,204507
Syddjurs,1998,188564
Aarhus,1998,191948
Herning,1998,192413
Holstebro,1998,189081
Ikast-Brande,1998,183546
Lemvig,1998,184130
Ringkøbing-Skjern,1998,187817
Skive,1998,182617
Struer,1998,186565
Viborg,1998,187850
Brønderslev,1998,173738
Frederikshavn,1998,181330
Hjørring,1998,178039
Jammerbugt,1998,182512
Læsø,1998,169916
Mariagerfjord,1998,180334
Morsø,1998,170974
Rebild,1998,188058
Thisted,1998,179373
Vesthimmerland,1998,174954
Aalborg,1998,185556
København,1999,189159
Frederiksberg,1999,234013
Dragør,1999,261811
Tårnby,1999,210377
Albertslund,1999,202838
Ballerup,1999,215746
Brøndby,1999,193588
Gentofte,1999,315222
Gladsaxe,1999,214341
Glostrup,1999,209614
Herlev,1999,205770
Hvidovre,1999,201681
Høje-Taastrup,1999,213866
Ishøj,1999,198035
Lyngby-Taarbæk,1999,259800
Rødovre,1999,201985
Vallensbæk,1999,248435
Allerød,1999,267273
Egedal,1999,249407
Fredensborg,1999,248586
Frederikssund,1999,216909
Furesø,1999,265236
Gribskov,1999,215680
Halsnæs,1999,197004
Helsingør,1999,220166
Hillerød,1999,233188
Hørsholm,1999,331280
Rudersdal,1999,319233
Bornholm,1999,172872
Greve,1999,237779
Køge,1999,213604
Lejre,1999,230051
Roskilde,1999,229521
Solrød,1999,248096
Faxe,1999,198360
Guldborgsund,1999,177222
Holbæk,1999,200013
Kalundborg,1999,191896
Lolland,1999,168030
Næstved,1999,194596
Odsherred,1999,184083
Ringsted,1999,205158
Slagelse,1999,188969
Sorø,1999,197518
Stevns,1999,204244
Vordingborg,1999,183570
Assens,1999,187041
Faaborg-Midtfyn,1999,184979
Kerteminde,1999,197065
Langeland,1999,162594
Middelfart,1999,199184
Nordfyns,1999,183656
Nyborg,1999,183595
Odense,1999,187760
Svendborg,1999,183062
Ærø,1999,166991
Billund,1999,213787
Esbjerg,1999,195443
Fanø,1999,205439
Fredericia,1999,198509
Haderslev,1999,186963
Kolding,1999,204949
Sønderborg,1999,190356
Tønder,1999,183464
Varde,1999,192543
Vejen,1999,187422
Vejle,1999,204245
Aabenraa,1999,192357
Favrskov,1999,203979
Hedensted,1999,198456
Horsens,1999,195919
Norddjurs,1999,182570
Odder,1999,205351
Randers,1999,189343
Samsø,1999,171001
Silkeborg,1999,205942
Skanderborg,1999,212290
Syddjurs,1999,197357
Aarhus,1999,198998
Herning,1999,198415
Holstebro,1999,191868
Ikast-Brande,1999,191274
Lemvig,1999,187762
Ringkøbing-Skjern,1999,191019
Skive,1999,187081
Struer,1999,190854
Viborg,1999,193601
Brønderslev,1999,179528
Frederikshavn,1999,185621
Hjørring,1999,182544
Jammerbugt,1999,185962
Læsø,1999,175933
Mariagerfjord,1999,185018
Morsø,1999,175372
Rebild,1999,194709
Thisted,1999,183803
Vesthimmerland,1999,179249
Aalborg,1999,191525
København,2000,198337
Frederiksberg,2000,245138
Dragør,2000,269943
Tårnby,2000,218936
Albertslund,2000,208643
Ballerup,2000,225480
Brøndby,2000,203317
Gentofte,2000,346665
Gladsaxe,2000,223468
Glostrup,2000,221040
Herlev,2000,213854
Hvidovre,2000,208994
Høje-Taastrup,2000,221972
Ishøj,2000,205233
Lyngby-Taarbæk,2000,277285
Rødovre,2000,209977
Vallensbæk,2000,258675
Allerød,2000,281912
Egedal,2000,260459
Fredensborg,2000,263354
Frederikssund,2000,225757
Furesø,2000,284514
Gribskov,2000,224091
Halsnæs,2000,205260
Helsingør,2000,231943
Hillerød,2000,244242
Hørsholm,2000,358623
Rudersdal,2000,353356
Bornholm,2000,180018
Greve,2000,249325
Køge,2000,223378
Lejre,2000,241805
Roskilde,2000,239902
Solrød,2000,260778
Faxe,2000,206367
Guldborgsund,2000,184839
Holbæk,2000,208526
Kalundborg,2000,201153
Lolland,2000,175348
Næstved,2000,202878
Odsherred,2000,191328
Ringsted,2000,212430
Slagelse,2000,197216
Sorø,2000,207380
Stevns,2000,214185
Vordingborg,2000,193325
Assens,2000,196284
Faaborg-Midtfyn,2000,193521
Kerteminde,2000,203576
Langeland,2000,170684
Middelfart,2000,209056
Nordfyns,2000,193978
Nyborg,2000,192269
Odense,2000,194859
Svendborg,2000,190032
Ærø,2000,171566
Billund,2000,208136
Esbjerg,2000,205125
Fanø,2000,213666
Fredericia,2000,206699
Haderslev,2000,196881
Kolding,2000,211715
Sønderborg,2000,200097
Tønder,2000,191595
Varde,2000,200321
Vejen,2000,195483
Vejle,2000,210683
Aabenraa,2000,199798
Favrskov,2000,212935
Hedensted,2000,209643
Horsens,2000,203239
Norddjurs,2000,188443
Odder,2000,214481
Randers,2000,195677
Samsø,2000,176139
Silkeborg,2000,216653
Skanderborg,2000,222644
Syddjurs,2000,204196
Aarhus,2000,205610
Herning,2000,207412
Holstebro,2000,200485
Ikast-Brande,2000,201934
Lemvig,2000,196616
Ringkøbing-Skjern,2000,200865
Skive,2000,194938
Struer,2000,199952
Viborg,2000,201988
Brønderslev,2000,190320
Frederikshavn,2000,190186
Hjørring,2000,189141
Jammerbugt,2000,195452
Læsø,2000,177235
Mariagerfjord,2000,193049
Morsø,2000,184659
Rebild,2000,205113
Thisted,2000,193433
Vesthimmerland,2000,186472
Aalborg,2000,201059
København,2001,206986
Frederiksberg,2001,256128
Dragør,2001,281056
Tårnby,2001,227405
Albertslund,2001,216242
Ballerup,2001,232133
Brøndby,2001,210615
Gentofte,2001,364359
Gladsaxe,2001,234344
Glostrup,2001,228662
Herlev,2001,220514
Hvidovre,2001,217803
Høje-Taastrup,2001,231422
Ishøj,2001,213722
Lyngby-Taarbæk,2001,286742
Rødovre,2001,219099
Vallensbæk,2001,268356
Allerød,2001,293330
Egedal,2001,274866
Fredensborg,2001,270895
Frederikssund,2001,237553
Furesø,2001,294951
Gribskov,2001,234938
Halsnæs,2001,213083
Helsingør,2001,237969
Hillerød,2001,254756
Hørsholm,2001,361985
Rudersdal,2001,357282
Bornholm,2001,187360
Greve,2001,259170
Køge,2001,231731
Lejre,2001,251833
Roskilde,2001,250687
Solrød,2001,271478
Faxe,2001,216199
Guldborgsund,2001,192097
Holbæk,2001,217191
Kalundborg,2001,209775
Lolland,2001,182851
Næstved,2001,211056
Odsherred,2001,197768
Ringsted,2001,220501
Slagelse,2001,204417
Sorø,2001,217058
Stevns,2001,222309
Vordingborg,2001,200065
Assens,2001,204021
Faaborg-Midtfyn,2001,201200
Kerteminde,2001,211455
Langeland,2001,175834
Middelfart,2001,216981
Nordfyns,2001,201741
Nyborg,2001,200544
Odense,2001,202754
Svendborg,2001,198555
Ærø,2001,181566
Billund,2001,217769
Esbjerg,2001,210631
Fanø,2001,218757
Fredericia,2001,213667
Haderslev,2001,205546
Kolding,2001,219518
Sønderborg,2001,208630
Tønder,2001,196958
Varde,2001,207389
Vejen,2001,204164
Vejle,2001,218707
Aabenraa,2001,205791
Favrskov,2001,222976
Hedensted,2001,218285
Horsens,2001,211439
Norddjurs,2001,196975
Odder,2001,220568
Randers,2001,204637
Samsø,2001,186674
Silkeborg,2001,224086
Skanderborg,2001,231850
Syddjurs,2001,214043
Aarhus,2001,214202
Herning,2001,216565
Holstebro,2001,214252
Ikast-Brande,2001,207877
Lemvig,2001,206758
Ringkøbing-Skjern,2001,215663
Skive,2001,209562
Struer,2001,208659
Viborg,2001,211220
Brønderslev,2001,197616
Frederikshavn,2001,199233
Hjørring,2001,200067
Jammerbugt,2001,202996
Læsø,2001,182980
Mariagerfjord,2001,201309
Morsø,2001,194826
Rebild,2001,214929
Thisted,2001,202820
Vesthimmerland,2001,194522
Aalborg,2001,207281
København,2002,213391
Frederiksberg,2002,259069
Dragør,2002,284881
Tårnby,2002,232349
Albertslund,2002,220921
Ballerup,2002,238594
Brøndby,2002,215818
Gentofte,2002,360426
Gladsaxe,2002,240653
Glostrup,2002,234158
Herlev,2002,227100
Hvidovre,2002,223387
Høje-Taastrup,2002,236305
Ishøj,2002,218847
Lyngby-Taarbæk,2002,290823
Rødovre,2002,223216
Vallensbæk,2002,273485
Allerød,2002,295462
Egedal,2002,278001
Fredensborg,2002,279166
Frederikssund,2002,242578
Furesø,2002,297233
Gribskov,2002,239606
Halsnæs,2002,220009
Helsingør,2002,262596
Hillerød,2002,263012
Hørsholm,2002,363258
Rudersdal,2002,365338
Bornholm,2002,191492
Greve,2002,264630
Køge,2002,237450
Lejre,2002,256796
Roskilde,2002,256285
Solrød,2002,277070
Faxe,2002,222381
Guldborgsund,2002,196841
Holbæk,2002,223602
Kalundborg,2002,214907
Lolland,2002,188900
Næstved,2002,216736
Odsherred,2002,203763
Ringsted,2002,225411
Slagelse,2002,211003
Sorø,2002,221307
Stevns,2002,227444
Vordingborg,2002,204961
Assens,2002,209637
Faaborg-Midtfyn,2002,205267
Kerteminde,2002,218674
Langeland,2002,181107
Middelfart,2002,224033
Nordfyns,2002,207171
Nyborg,2002,206526
Odense,2002,207988
Svendborg,2002,205441
Ærø,2002,190538
Billund,2002,222566
Esbjerg,2002,217132
Fanø,2002,227883
Fredericia,2002,220493
Haderslev,2002,209716
Kolding,2002,224406
Sønderborg,2002,210252
Tønder,2002,199070
Varde,2002,212119
Vejen,2002,208207
Vejle,2002,224724
Aabenraa,2002,211595
Favrskov,2002,227898
Hedensted,2002,222097
Horsens,2002,215676
Norddjurs,2002,201743
Odder,2002,225381
Randers,2002,210678
Samsø,2002,188364
Silkeborg,2002,230296
Skanderborg,2002,238098
Syddjurs,2002,219188
Aarhus,2002,219217
Herning,2002,218976
Holstebro,2002,216992
Ikast-Brande,2002,211370
Lemvig,2002,209903
Ringkøbing-Skjern,2002,215966
Skive,2002,206871
Struer,2002,212698
Viborg,2002,215924
Brønderslev,2002,200449
Frederikshavn,2002,206172
Hjørring,2002,205924
Jammerbugt,2002,207781
Læsø,2002,190581
Mariagerfjord,2002,205266
Morsø,2002,197609
Rebild,2002,218616
Thisted,2002,203943
Vesthimmerland,2002,201011
Aalborg,2002,211986
København,2003,217374
Frederiksberg,2003,261543
Dragør,2003,290685
Tårnby,2003,236740
Albertslund,2003,222845
Ballerup,2003,240944
Brøndby,2003,219228
Gentofte,2003,366216
Gladsaxe,2003,244150
Glostrup,2003,238182
Herlev,2003,231952
Hvidovre,2003,227806
Høje-Taastrup,2003,239297
Ishøj,2003,221844
Lyngby-Taarbæk,2003,293082
Rødovre,2003,228145
Vallensbæk,2003,278617
Allerød,2003,306659
Egedal,2003,281305
Fredensborg,2003,280504
Frederikssund,2003,246596
Furesø,2003,302130
Gribskov,2003,244161
Halsnæs,2003,223505
Helsingør,2003,250531
Hillerød,2003,265039
Hørsholm,2003,360004
Rudersdal,2003,364471
Bornholm,2003,195734
Greve,2003,267595
Køge,2003,242125
Lejre,2003,261910
Roskilde,2003,259908
Solrød,2003,282193
Faxe,2003,226485
Guldborgsund,2003,201403
Holbæk,2003,228539
Kalundborg,2003,218666
Lolland,2003,192641
Næstved,2003,221687
Odsherred,2003,209987
Ringsted,2003,230836
Slagelse,2003,215244
Sorø,2003,226232
Stevns,2003,231174
Vordingborg,2003,209895
Assens,2003,215903
Faaborg-Midtfyn,2003,210932
Kerteminde,2003,221105
Langeland,2003,185187
Middelfart,2003,228887
Nordfyns,2003,209434
Nyborg,2003,213850
Odense,2003,213248
Svendborg,2003,210971
Ærø,2003,195009
Billund,2003,227097
Esbjerg,2003,222662
Fanø,2003,232830
Fredericia,2003,225795
Haderslev,2003,212682
Kolding,2003,228540
Sønderborg,2003,212368
Tønder,2003,202931
Varde,2003,216829
Vejen,2003,212730
Vejle,2003,230250
Aabenraa,2003,214877
Favrskov,2003,233581
Hedensted,2003,227161
Horsens,2003,222122
Norddjurs,2003,207487
Odder,2003,229835
Randers,2003,216081
Samsø,2003,192672
Silkeborg,2003,239459
Skanderborg,2003,245421
Syddjurs,2003,223888
Aarhus,2003,224747
Herning,2003,223317
Holstebro,2003,219927
Ikast-Brande,2003,216332
Lemvig,2003,210364
Ringkøbing-Skjern,2003,217810
Skive,2003,210834
Struer,2003,214506
Viborg,2003,222605
Brønderslev,2003,203842
Frederikshavn,2003,210291
Hjørring,2003,208828
Jammerbugt,2003,211799
Læsø,2003,190698
Mariagerfjord,2003,211354
Morsø,2003,200441
Rebild,2003,222509
Thisted,2003,206482
Vesthimmerland,2003,206343
Aalborg,2003,216925
København,2004,223114
Frederiksberg,2004,270507
Dragør,2004,298129
Tårnby,2004,243744
Albertslund,2004,226906
Ballerup,2004,246575
Brøndby,2004,224035
Gentofte,2004,381268
Gladsaxe,2004,251264
Glostrup,2004,245246
Herlev,2004,237191
Hvidovre,2004,234441
Høje-Taastrup,2004,243791
Ishøj,2004,224898
Lyngby-Taarbæk,2004,302949
Rødovre,2004,233310
Vallensbæk,2004,281856
Allerød,2004,315741
Egedal,2004,287975
Fredensborg,2004,287658
Frederikssund,2004,253755
Furesø,2004,306739
Gribskov,2004,251144
Halsnæs,2004,230221
Helsingør,2004,256479
Hillerød,2004,273483
Hørsholm,2004,374054
Rudersdal,2004,381498
Bornholm,2004,202989
Greve,2004,274277
Køge,2004,249247
Lejre,2004,267858
Roskilde,2004,267324
Solrød,2004,288393
Faxe,2004,232958
Guldborgsund,2004,207652
Holbæk,2004,235946
Kalundborg,2004,225907
Lolland,2004,198923
Næstved,2004,228464
Odsherred,2004,215722
Ringsted,2004,238968
Slagelse,2004,222071
Sorø,2004,234913
Stevns,2004,237219
Vordingborg,2004,215094
Assens,2004,222132
Faaborg-Midtfyn,2004,217949
Kerteminde,2004,229621
Langeland,2004,191691
Middelfart,2004,234526
Nordfyns,2004,217719
Nyborg,2004,220280
Odense,2004,218854
Svendborg,2004,217244
Ærø,2004,200129
Billund,2004,232055
Esbjerg,2004,229158
Fanø,2004,236302
Fredericia,2004,231593
Haderslev,2004,221330
Kolding,2004,237381
Sønderborg,2004,223900
Tønder,2004,210551
Varde,2004,224392
Vejen,2004,219893
Vejle,2004,238399
Aabenraa,2004,223490
Favrskov,2004,240371
Hedensted,2004,235444
Horsens,2004,227776
Norddjurs,2004,213701
Odder,2004,238315
Randers,2004,223214
Samsø,2004,200929
Silkeborg,2004,247171
Skanderborg,2004,252650
Syddjurs,2004,232389
Aarhus,2004,229453
Herning,2004,230820
Holstebro,2004,227487
Ikast-Brande,2004,224758
Lemvig,2004,219391
Ringkøbing-Skjern,2004,227637
Skive,2004,219659
Struer,2004,223481
Viborg,2004,228791
Brønderslev,2004,212444
Frederikshavn,2004,216528
Hjørring,2004,217926
Jammerbugt,2004,217613
Læsø,2004,200104
Mariagerfjord,2004,218981
Morsø,2004,216332
Rebild,2004,231981
Thisted,2004,215417
Vesthimmerland,2004,213222
Aalborg,2004,223743
København,2005,231359
Frederiksberg,2005,279473
Dragør,2005,304476
Tårnby,2005,250546
Albertslund,2005,230819
Ballerup,2005,252649
Brøndby,2005,231214
Gentofte,2005,422780
Gladsaxe,2005,260569
Glostrup,2005,253284
Herlev,2005,244091
Hvidovre,2005,242344
Høje-Taastrup,2005,252776
Ishøj,2005,231588
Lyngby-Taarbæk,2005,319226
Rødovre,2005,242442
Vallensbæk,2005,289606
Allerød,2005,331542
Egedal,2005,298492
Fredensborg,2005,301218
Frederikssund,2005,263711
Furesø,2005,318246
Gribskov,2005,261608
Halsnæs,2005,240098
Helsingør,2005,268869
Hillerød,2005,285977
Hørsholm,2005,395126
Rudersdal,2005,402617
Bornholm,2005,209682
Greve,2005,283675
Køge,2005,257085
Lejre,2005,278898
Roskilde,2005,276973
Solrød,2005,300043
Faxe,2005,241508
Guldborgsund,2005,215307
Holbæk,2005,245235
Kalundborg,2005,234168
Lolland,2005,206089
Næstved,2005,237116
Odsherred,2005,223434
Ringsted,2005,247799
Slagelse,2005,229160
Sorø,2005,244232
Stevns,2005,247823
Vordingborg,2005,225123
Assens,2005,229006
Faaborg-Midtfyn,2005,224006
Kerteminde,2005,238236
Langeland,2005,197949
Middelfart,2005,244190
Nordfyns,2005,224892
Nyborg,2005,226810
Odense,2005,226295
Svendborg,2005,223618
Ærø,2005,203403
Billund,2005,239123
Esbjerg,2005,235558
Fanø,2005,245885
Fredericia,2005,240446
Haderslev,2005,230371
Kolding,2005,245860
Sønderborg,2005,229583
Tønder,2005,217679
Varde,2005,233653
Vejen,2005,229543
Vejle,2005,247733
Aabenraa,2005,231064
Favrskov,2005,247831
Hedensted,2005,247231
Horsens,2005,236887
Norddjurs,2005,221218
Odder,2005,245156
Randers,2005,229933
Samsø,2005,205516
Silkeborg,2005,255125
Skanderborg,2005,264306
Syddjurs,2005,238334
Aarhus,2005,239023
Herning,2005,241254
Holstebro,2005,238318
Ikast-Brande,2005,231873
Lemvig,2005,227186
Ringkøbing-Skjern,2005,238088
Skive,2005,228534
Struer,2005,234126
Viborg,2005,238140
Brønderslev,2005,222593
Frederikshavn,2005,224782
Hjørring,2005,224482
Jammerbugt,2005,227565
Læsø,2005,206219
Mariagerfjord,2005,226495
Morsø,2005,219650
Rebild,2005,240300
Thisted,2005,225366
Vesthimmerland,2005,222319
Aalborg,2005,231249
København,2006,244087
Frederiksberg,2006,296988
Dragør,2006,318427
Tårnby,2006,260397
Albertslund,2006,240246
Ballerup,2006,262130
Brøndby,2006,239198
Gentofte,2006,451369
Gladsaxe,2006,269716
Glostrup,2006,261487
Herlev,2006,253729
Hvidovre,2006,250721
Høje-Taastrup,2006,259797
Ishøj,2006,238194
Lyngby-Taarbæk,2006,332296
Rødovre,2006,250946
Vallensbæk,2006,299079
Allerød,2006,339317
Egedal,2006,308890
Fredensborg,2006,311527
Frederikssund,2006,274570
Furesø,2006,332692
Gribskov,2006,272488
Halsnæs,2006,249704
Helsingør,2006,277291
Hillerød,2006,294206
Hørsholm,2006,422768
Rudersdal,2006,430171
Bornholm,2006,218376
Greve,2006,292998
Køge,2006,267274
Lejre,2006,289810
Roskilde,2006,288877
Solrød,2006,311933
Faxe,2006,251959
Guldborgsund,2006,226528
Holbæk,2006,255061
Kalundborg,2006,246038
Lolland,2006,213902
Næstved,2006,247007
Odsherred,2006,233162
Ringsted,2006,259524
Slagelse,2006,239007
Sorø,2006,254887
Stevns,2006,256730
Vordingborg,2006,234074
Assens,2006,241685
Faaborg-Midtfyn,2006,236476
Kerteminde,2006,246251
Langeland,2006,210957
Middelfart,2006,255270
Nordfyns,2006,237899
Nyborg,2006,239384
Odense,2006,235837
Svendborg,2006,235281
Ærø,2006,214751
Billund,2006,249478
Esbjerg,2006,247857
Fanø,2006,256732
Fredericia,2006,252898
Haderslev,2006,244377
Kolding,2006,259422
Sønderborg,2006,240314
Tønder,2006,230990
Varde,2006,244660
Vejen,2006,239948
Vejle,2006,261528
Aabenraa,2006,241633
Favrskov,2006,261884
Hedensted,2006,260437
Horsens,2006,250164
Norddjurs,2006,229873
Odder,2006,256672
Randers,2006,240497
Samsø,2006,217426
Silkeborg,2006,269059
Skanderborg,2006,279493
Syddjurs,2006,250848
Aarhus,2006,249998
Herning,2006,251330
Holstebro,2006,250065
Ikast-Brande,2006,246048
Lemvig,2006,242627
Ringkøbing-Skjern,2006,253438
Skive,2006,238898
Struer,2006,243314
Viborg,2006,250061
Brønderslev,2006,234497
Frederikshavn,2006,239757
Hjørring,2006,234996
Jammerbugt,2006,239156
Læsø,2006,221958
Mariagerfjord,2006,238184
Morsø,2006,226990
Rebild,2006,253321
Thisted,2006,236887
Vesthimmerland,2006,232374
Aalborg,2006,240288
København,2007,255185
Frederiksberg,2007,306039
Dragør,2007,328772
Tårnby,2007,269854
Albertslund,2007,248985
Ballerup,2007,273451
Brøndby,2007,248438
Gentofte,2007,467806
Gladsaxe,2007,282406
Glostrup,2007,273732
Herlev,2007,266147
Hvidovre,2007,263065
Høje-Taastrup,2007,272145
Ishøj,2007,247706
Lyngby-Taarbæk,2007,353114
Rødovre,2007,263236
Vallensbæk,2007,310855
Allerød,2007,357408
Egedal,2007,320376
Fredensborg,2007,329843
Frederikssund,2007,287370
Furesø,2007,347257
Gribskov,2007,288008
Halsnæs,2007,259693
Helsingør,2007,297878
Hillerød,2007,307165
Hørsholm,2007,456238
Rudersdal,2007,439930
Bornholm,2007,224673
Greve,2007,311442
Køge,2007,279334
Lejre,2007,298882
Roskilde,2007,302285
Solrød,2007,333108
Faxe,2007,265586
Guldborgsund,2007,233622
Holbæk,2007,265893
Kalundborg,2007,257418
Lolland,2007,219769
Næstved,2007,260530
Odsherred,2007,245661
Ringsted,2007,270675
Slagelse,2007,252904
Sorø,2007,265225
Stevns,2007,267297
Vordingborg,2007,243240
Assens,2007,250465
Faaborg-Midtfyn,2007,245010
Kerteminde,2007,259132
Langeland,2007,219977
Middelfart,2007,266468
Nordfyns,2007,244530
Nyborg,2007,245837
Odense,2007,245604
Svendborg,2007,245658
Ærø,2007,227712
Billund,2007,267100
Esbjerg,2007,258076
Fanø,2007,276948
Fredericia,2007,263683
Haderslev,2007,253521
Kolding,2007,269683
Sønderborg,2007,248417
Tønder,2007,240445
Varde,2007,257491
Vejen,2007,249849
Vejle,2007,272645
Aabenraa,2007,252526
Favrskov,2007,273010
Hedensted,2007,269249
Horsens,2007,260931
Norddjurs,2007,240799
Odder,2007,266762
Randers,2007,252698
Samsø,2007,229392
Silkeborg,2007,281787
Skanderborg,2007,289157
Syddjurs,2007,273370
Aarhus,2007,260679
Herning,2007,264035
Holstebro,2007,264603
Ikast-Brande,2007,265750
Lemvig,2007,254193
Ringkøbing-Skjern,2007,260713
Skive,2007,249281
Struer,2007,250890
Viborg,2007,263217
Brønderslev,2007,244215
Frederikshavn,2007,245591
Hjørring,2007,241847
Jammerbugt,2007,246635
Læsø,2007,228052
Mariagerfjord,2007,249925
Morsø,2007,230181
Rebild,2007,263071
Thisted,2007,248696
Vesthimmerland,2007,243115
Aalborg,2007,251853
København,2008,263569
Frederiksberg,2008,308755
Dragør,2008,332548
Tårnby,2008,278900
Albertslund,2008,256722
Ballerup,2008,279522
Brøndby,2008,257466
Gentofte,2008,442884
Gladsaxe,2008,289902
Glostrup,2008,281792
Herlev,2008,274282
Hvidovre,2008,271440
Høje-Taastrup,2008,279445
Ishøj,2008,253059
Lyngby-Taarbæk,2008,351970
Rødovre,2008,274901
Vallensbæk,2008,313819
Allerød,2008,354001
Egedal,2008,325349
Fredensborg,2008,328731
Frederikssund,2008,288630
Furesø,2008,350260
Gribskov,2008,285712
Halsnæs,2008,265339
Helsingør,2008,293493
Hillerød,2008,310630
Hørsholm,2008,419282
Rudersdal,2008,420156
Bornholm,2008,229888
Greve,2008,310629
Køge,2008,282405
Lejre,2008,302333
Roskilde,2008,304945
Solrød,2008,327617
Faxe,2008,266595
Guldborgsund,2008,237744
Holbæk,2008,267692
Kalundborg,2008,253997
Lolland,2008,225811
Næstved,2008,260133
Odsherred,2008,243182
Ringsted,2008,274166
Slagelse,2008,252950
Sorø,2008,263925
Stevns,2008,275153
Vordingborg,2008,242766
Assens,2008,251158
Faaborg-Midtfyn,2008,249389
Kerteminde,2008,257452
Langeland,2008,225423
Middelfart,2008,273180
Nordfyns,2008,247200
Nyborg,2008,253087
Odense,2008,249041
Svendborg,2008,253529
Ærø,2008,231628
Billund,2008,266787
Esbjerg,2008,264736
Fanø,2008,282107
Fredericia,2008,269662
Haderslev,2008,254953
Kolding,2008,276903
Sønderborg,2008,255166
Tønder,2008,236657
Varde,2008,255057
Vejen,2008,251953
Vejle,2008,276920
Aabenraa,2008,255470
Favrskov,2008,278214
Hedensted,2008,271793
Horsens,2008,260742
Norddjurs,2008,241830
Odder,2008,270277
Randers,2008,256186
Samsø,2008,232800
Silkeborg,2008,285152
Skanderborg,2008,292874
Syddjurs,2008,266567
Aarhus,2008,261527
Herning,2008,264729
Holstebro,2008,261021
Ikast-Brande,2008,259856
Lemvig,2008,250491
Ringkøbing-Skjern,2008,257096
Skive,2008,248879
Struer,2008,258738
Viborg,2008,264803
Brønderslev,2008,239407
Frederikshavn,2008,247503
Hjørring,2008,244510
Jammerbugt,2008,247186
Læsø,2008,219581
Mariagerfjord,2008,251840
Morsø,2008,236160
Rebild,2008,264167
Thisted,2008,246664
Vesthimmerland,2008,241768
Aalborg,2008,256818
København,2009,264067
Frederiksberg,2009,308337
Dragør,2009,332736
Tårnby,2009,279064
Albertslund,2009,254578
Ballerup,2009,278315
Brøndby,2009,254863
Gentofte,2009,428813
Gladsaxe,2009,290156
Glostrup,2009,280390
Herlev,2009,274480
Hvidovre,2009,270983
Høje-Taastrup,2009,278146
Ishøj,2009,251108
Lyngby-Taarbæk,2009,342109
Rødovre,2009,269582
Vallensbæk,2009,310134
Allerød,2009,353228
Egedal,2009,319504
Fredensborg,2009,321792
Frederikssund,2009,286781
Furesø,2009,346202
Gribskov,2009,280767
Halsnæs,2009,262503
Helsingør,2009,288924
Hillerød,2009,307356
Hørsholm,2009,401089
Rudersdal,2009,397116
Bornholm,2009,229745
Greve,2009,302682
Køge,2009,278066
Lejre,2009,298918
Roskilde,2009,302567
Solrød,2009,314106
Faxe,2009,261875
Guldborgsund,2009,237465
Holbæk,2009,266021
Kalundborg,2009,255358
Lolland,2009,227468
Næstved,2009,259345
Odsherred,2009,241755
Ringsted,2009,269145
Slagelse,2009,252742
Sorø,2009,267031
Stevns,2009,265872
Vordingborg,2009,242587
Assens,2009,250058
Faaborg-Midtfyn,2009,245731
Kerteminde,2009,256385
Langeland,2009,222735
Middelfart,2009,269573
Nordfyns,2009,243148
Nyborg,2009,253561
Odense,2009,248840
Svendborg,2009,249537
Ærø,2009,228905
Billund,2009,257776
Esbjerg,2009,259479
Fanø,2009,280313
Fredericia,2009,265788
Haderslev,2009,254536
Kolding,2009,267422
Sønderborg,2009,238851
Tønder,2009,230783
Varde,2009,251312
Vejen,2009,245277
Vejle,2009,270692
Aabenraa,2009,247369
Favrskov,2009,271958
Hedensted,2009,266665
Horsens,2009,259031
Norddjurs,2009,237637
Odder,2009,269166
Randers,2009,252269
Samsø,2009,234531
Silkeborg,2009,281843
Skanderborg,2009,288328
Syddjurs,2009,258965
Aarhus,2009,260595
Herning,2009,256330
Holstebro,2009,253212
Ikast-Brande,2009,249959
Lemvig,2009,243162
Ringkøbing-Skjern,2009,251466
Skive,2009,245192
Struer,2009,250918
Viborg,2009,261340
Brønderslev,2009,241159
Frederikshavn,2009,245392
Hjørring,2009,239807
Jammerbugt,2009,244289
Læsø,2009,217424
Mariagerfjord,2009,247017
Morsø,2009,230421
Rebild,2009,262486
Thisted,2009,238869
Vesthimmerland,2009,236712
Aalborg,2009,254579
København,2010,271857
Frederiksberg,2010,323858
Dragør,2010,348191
Tårnby,2010,286436
Albertslund,2010,260044
Ballerup,2010,286989
Brøndby,2010,259871
Gentofte,2010,476066
Gladsaxe,2010,300951
Glostrup,2010,288112
Herlev,2010,283522
Hvidovre,2010,279253
Høje-Taastrup,2010,280800
Ishøj,2010,256901
Lyngby-Taarbæk,2010,373274
Rødovre,2010,276618
Vallensbæk,2010,320514
Allerød,2010,373327
Egedal,2010,334407
Fredensborg,2010,339904
Frederikssund,2010,292462
Furesø,2010,367543
Gribskov,2010,291188
Halsnæs,2010,269425
Helsingør,2010,301507
Hillerød,2010,321529
Hørsholm,2010,462342
Rudersdal,2010,454763
Bornholm,2010,240996
Greve,2010,312940
Køge,2010,285894
Lejre,2010,314017
Roskilde,2010,313076
Solrød,2010,328865
Faxe,2010,270878
Guldborgsund,2010,246530
Holbæk,2010,275258
Kalundborg,2010,263780
Lolland,2010,234445
Næstved,2010,266782
Odsherred,2010,249568
Ringsted,2010,278781
Slagelse,2010,258496
Sorø,2010,273090
Stevns,2010,275030
Vordingborg,2010,251896
Assens,2010,258312
Faaborg-Midtfyn,2010,253509
Kerteminde,2010,264782
Langeland,2010,230044
Middelfart,2010,279902
Nordfyns,2010,253740
Nyborg,2010,260239
Odense,2010,257546
Svendborg,2010,257551
Ærø,2010,235605
Billund,2010,273502
Esbjerg,2010,269351
Fanø,2010,289677
Fredericia,2010,274300
Haderslev,2010,259908
Kolding,2010,277984
Sønderborg,2010,261580
Tønder,2010,239476
Varde,2010,261017
Vejen,2010,257565
Vejle,2010,283663
Aabenraa,2010,258176
Favrskov,2010,283896
Hedensted,2010,275397
Horsens,2010,267420
Norddjurs,2010,247190
Odder,2010,278487
Randers,2010,259910
Samsø,2010,235559
Silkeborg,2010,277641
Skanderborg,2010,302636
Syddjurs,2010,268841
Aarhus,2010,272861
Herning,2010,268167
Holstebro,2010,265622
Ikast-Brande,2010,261290
Lemvig,2010,264844
Ringkøbing-Skjern,2010,262206
Skive,2010,252102
Struer,2010,258518
Viborg,2010,271739
Brønderslev,2010,252216
Frederikshavn,2010,254712
Hjørring,2010,250637
Jammerbugt,2010,254147
Læsø,2010,231514
Mariagerfjord,2010,257370
Morsø,2010,236438
Rebild,2010,271496
Thisted,2010,248692
Vesthimmerland,2010,244766
Aalborg,2010,263322
København,2011,277048
Frederiksberg,2011,326855
Dragør,2011,366796
Tårnby,2011,291759
Albertslund,2011,259955
Ballerup,2011,289781
Brøndby,2011,261804
Gentofte,2011,485273
Gladsaxe,2011,303516
Glostrup,2011,290727
Herlev,2011,286920
Hvidovre,2011,280589
Høje-Taastrup,2011,282688
Ishøj,2011,257168
Lyngby-Taarbæk,2011,375443
Rødovre,2011,278523
Vallensbæk,2011,320512
Allerød,2011,379782
Egedal,2011,333340
Fredensborg,2011,342416
Frederikssund,2011,296106
Furesø,2011,366142
Gribskov,2011,295048
Halsnæs,2011,272706
Helsingør,2011,303564
Hillerød,2011,321930
Hørsholm,2011,454837
Rudersdal,2011,452464
Bornholm,2011,243998
Greve,2011,315484
Køge,2011,290079
Lejre,2011,315855
Roskilde,2011,315354
Solrød,2011,332781
Faxe,2011,273599
Guldborgsund,2011,244152
Holbæk,2011,278393
Kalundborg,2011,267457
Lolland,2011,237375
Næstved,2011,271004
Odsherred,2011,252743
Ringsted,2011,281999
Slagelse,2011,260868
Sorø,2011,277830
Stevns,2011,280172
Vordingborg,2011,254837
Assens,2011,262639
Faaborg-Midtfyn,2011,257817
Kerteminde,2011,268944
Langeland,2011,231100
Middelfart,2011,281700
Nordfyns,2011,260881
Nyborg,2011,262825
Odense,2011,260104
Svendborg,2011,262339
Ærø,2011,236411
Billund,2011,276243
Esbjerg,2011,273569
Fanø,2011,292860
Fredericia,2011,275355
Haderslev,2011,262565
Kolding,2011,282190
Sønderborg,2011,264899
Tønder,2011,245577
Varde,2011,266031
Vejen,2011,260131
Vejle,2011,284653
Aabenraa,2011,261635
Favrskov,2011,287496
Hedensted,2011,277368
Horsens,2011,271651
Norddjurs,2011,250674
Odder,2011,280988
Randers,2011,263499
Samsø,2011,244605
Silkeborg,2011,277189
Skanderborg,2011,305479
Syddjurs,2011,271923
Aarhus,2011,274041
Herning,2011,279511
Holstebro,2011,270667
Ikast-Brande,2011,268633
Lemvig,2011,264969
Ringkøbing-Skjern,2011,269605
Skive,2011,256348
Struer,2011,263386
Viborg,2011,273709
Brønderslev,2011,258440
Frederikshavn,2011,258961
Hjørring,2011,258604
Jammerbugt,2011,260417
Læsø,2011,237970
Mariagerfjord,2011,261598
Morsø,2011,243482
Rebild,2011,282335
Thisted,2011,254421
Vesthimmerland,2011,252155
Aalborg,2011,266269
København,2012,282824
Frederiksberg,2012,336108
Dragør,2012,364254
Tårnby,2012,294830
Albertslund,2012,264922
Ballerup,2012,295149
Brøndby,2012,263907
Gentofte,2012,500416
Gladsaxe,2012,307933
Glostrup,2012,293181
Herlev,2012,292229
Hvidovre,2012,286178
Høje-Taastrup,2012,285254
Ishøj,2012,260658
Lyngby-Taarbæk,2012,386363
Rødovre,2012,283406
Vallensbæk,2012,325987
Allerød,2012,383653
Egedal,2012,338312
Fredensborg,2012,350626
Frederikssund,2012,301100
Furesø,2012,377997
Gribskov,2012,304949
Halsnæs,2012,277915
Helsingør,2012,309867
Hillerød,2012,329644
Hørsholm,2012,463811
Rudersdal,2012,475594
Bornholm,2012,249829
Greve,2012,319768
Køge,2012,295442
Lejre,2012,322116
Roskilde,2012,322039
Solrød,2012,339853
Faxe,2012,281111
Guldborgsund,2012,253030
Holbæk,2012,284954
Kalundborg,2012,273016
Lolland,2012,243332
Næstved,2012,276502
Odsherred,2012,258857
Ringsted,2012,287818
Slagelse,2012,265216
Sorø,2012,284603
Stevns,2012,284046
Vordingborg,2012,260486
Assens,2012,267784
Faaborg-Midtfyn,2012,264002
Kerteminde,2012,269904
Langeland,2012,238265
Middelfart,2012,289543
Nordfyns,2012,264794
Nyborg,2012,267072
Odense,2012,260813
Svendborg,2012,268330
Ærø,2012,243378
Billund,2012,285308
Esbjerg,2012,279815
Fanø,2012,296548
Fredericia,2012,280027
Haderslev,2012,265621
Kolding,2012,287716
Sønderborg,2012,272885
Tønder,2012,247913
Varde,2012,273576
Vejen,2012,271162
Vejle,2012,291007
Aabenraa,2012,266148
Favrskov,2012,294501
Hedensted,2012,285303
Horsens,2012,277817
Norddjurs,2012,254920
Odder,2012,287739
Randers,2012,267809
Samsø,2012,254623
Silkeborg,2012,287488
Skanderborg,2012,313890
Syddjurs,2012,280794
Aarhus,2012,278220
Herning,2012,276509
Holstebro,2012,278613
Ikast-Brande,2012,271923
Lemvig,2012,266398
Ringkøbing-Skjern,2012,276646
Skive,2012,262290
Struer,2012,269023
Viborg,2012,278363
Brønderslev,2012,267504
Frederikshavn,2012,270118
Hjørring,2012,264855
Jammerbugt,2012,267491
Læsø,2012,244187
Mariagerfjord,2012,269010
Morsø,2012,249259
Rebild,2012,289685
Thisted,2012,258174
Vesthimmerland,2012,258000
Aalborg,2012,271327
København,2013,288110
Frederiksberg,2013,345094
Dragør,2013,369663
Tårnby,2013,298326
Albertslund,2013,265559
Ballerup,2013,298294
Brøndby,2013,266110
Gentofte,2013,512190
Gladsaxe,2013,314458
Glostrup,2013,297047
Herlev,2013,299158
Hvidovre,2013,288966
Høje-Taastrup,2013,287564
Ishøj,2013,262342
Lyngby-Taarbæk,2013,398972
Rødovre,2013,288563
Vallensbæk,2013,330275
Allerød,2013,382087
Egedal,2013,345070
Fredensborg,2013,357974
Frederikssund,2013,305826
Furesø,2013,383702
Gribskov,2013,304416
Halsnæs,2013,283520
Helsingør,2013,319700
Hillerød,2013,332711
Hørsholm,2013,477084
Rudersdal,2013,496260
Bornholm,2013,252056
Greve,2013,324892
Køge,2013,297988
Lejre,2013,327424
Roskilde,2013,324935
Solrød,2013,339966
Faxe,2013,281559
Guldborgsund,2013,259687
Holbæk,2013,289642
Kalundborg,2013,278071
Lolland,2013,249599
Næstved,2013,280006
Odsherred,2013,263214
Ringsted,2013,291279
Slagelse,2013,269070
Sorø,2013,290911
Stevns,2013,289705
Vordingborg,2013,266401
Assens,2013,270534
Faaborg-Midtfyn,2013,267375
Kerteminde,2013,276207
Langeland,2013,241052
Middelfart,2013,293003
Nordfyns,2013,270783
Nyborg,2013,270759
Odense,2013,266297
Svendborg,2013,272393
Ærø,2013,244336
Billund,2013,292480
Esbjerg,2013,285294
Fanø,2013,302103
Fredericia,2013,283050
Haderslev,2013,270236
Kolding,2013,290165
Sønderborg,2013,272633
Tønder,2013,255498
Varde,2013,284414
Vejen,2013,277686
Vejle,2013,294974
Aabenraa,2013,269677
Favrskov,2013,299538
Hedensted,2013,290007
Horsens,2013,282867
Norddjurs,2013,258879
Odder,2013,292984
Randers,2013,270548
Samsø,2013,258789
Silkeborg,2013,292119
Skanderborg,2013,318748
Syddjurs,2013,292659
Aarhus,2013,285084
Herning,2013,279723
Holstebro,2013,285641
Ikast-Brande,2013,279289
Lemvig,2013,280211
Ringkøbing-Skjern,2013,280031
Skive,2013,265916
Struer,2013,271401
Viborg,2013,285631
Brønderslev,2013,272724
Frederikshavn,2013,272244
Hjørring,2013,271161
Jammerbugt,2013,273893
Læsø,2013,251586
Mariagerfjord,2013,270434
Morsø,2013,255280
Rebild,2013,297763
Thisted,2013,266345
Vesthimmerland,2013,263828
Aalborg,2013,274606
København,2014,294796
Frederiksberg,2014,353406
Dragør,2014,378606
Tårnby,2014,303129
Albertslund,2014,270427
Ballerup,2014,310115
Brøndby,2014,268436
Gentofte,2014,530603
Gladsaxe,2014,320386
Glostrup,2014,299591
Herlev,2014,299872
Hvidovre,2014,294413
Høje-Taastrup,2014,290763
Ishøj,2014,263608
Lyngby-Taarbæk,2014,421315
Rødovre,2014,293974
Vallensbæk,2014,340046
Allerød,2014,389651
Egedal,2014,346848
Fredensborg,2014,363846
Frederikssund,2014,309466
Furesø,2014,393506
Gribskov,2014,313277
Halsnæs,2014,288228
Helsingør,2014,325160
Hillerød,2014,337795
Hørsholm,2014,483719
Rudersdal,2014,517457
Bornholm,2014,256319
Greve,2014,329628
Køge,2014,305297
Lejre,2014,329252
Roskilde,2014,333567
Solrød,2014,354050
Faxe,2014,285715
Guldborgsund,2014,261926
Holbæk,2014,293608
Kalundborg,2014,282296
Lolland,2014,254899
Næstved,2014,283174
Odsherred,2014,267571
Ringsted,2014,295423
Slagelse,2014,272201
Sorø,2014,295135
Stevns,2014,294932
Vordingborg,2014,270211
Assens,2014,272421
Faaborg-Midtfyn,2014,272273
Kerteminde,2014,283892
Langeland,2014,245812
Middelfart,2014,297634
Nordfyns,2014,273469
Nyborg,2014,275264
Odense,2014,269390
Svendborg,2014,277827
Ærø,2014,253021
Billund,2014,294787
Esbjerg,2014,290079
Fanø,2014,306872
Fredericia,2014,288050
Haderslev,2014,274905
Kolding,2014,295378
Sønderborg,2014,279858
Tønder,2014,257175
Varde,2014,281394
Vejen,2014,278754
Vejle,2014,298948
Aabenraa,2014,272002
Favrskov,2014,304315
Hedensted,2014,295804
Horsens,2014,287782
Norddjurs,2014,262651
Odder,2014,297536
Randers,2014,273721
Samsø,2014,259279
Silkeborg,2014,284450
Skanderborg,2014,325329
Syddjurs,2014,286313
Aarhus,2014,289764
Herning,2014,285995
Holstebro,2014,284946
Ikast-Brande,2014,278626
Lemvig,2014,279009
Ringkøbing-Skjern,2014,283769
Skive,2014,269446
Struer,2014,270404
Viborg,2014,287123
Brønderslev,2014,274390
Frederikshavn,2014,274327
Hjørring,2014,274457
Jammerbugt,2014,273766
Læsø,2014,248824
Mariagerfjord,2014,275907
Morsø,2014,258592
Rebild,2014,301612
Thisted,2014,267039
Vesthimmerland,2014,266439
Aalborg,2014,277618
København,2015,304699
Frederiksberg,2015,364056
Dragør,2015,395557
Tårnby,2015,310723
Albertslund,2015,275786
Ballerup,2015,314747
Brøndby,2015,273606
Gentofte,2015,611952
Gladsaxe,2015,328195
Glostrup,2015,308247
Herlev,2015,307022
Hvidovre,2015,300369
Høje-Taastrup,2015,295065
Ishøj,2015,268993
Lyngby-Taarbæk,2015,463346
Rødovre,2015,302880
Vallensbæk,2015,343110
Allerød,2015,401109
Egedal,2015,358261
Fredensborg,2015,382642
Frederikssund,2015,316831
Furesø,2015,398031
Gribskov,2015,317617
Halsnæs,2015,294684
Helsingør,2015,334411
Hillerød,2015,355401
Hørsholm,2015,504636
Rudersdal,2015,534903
Bornholm,2015,262203
Greve,2015,334804
Køge,2015,311097
Lejre,2015,337277
Roskilde,2015,342134
Solrød,2015,364750
Faxe,2015,290296
Guldborgsund,2015,267372
Holbæk,2015,302431
Kalundborg,2015,292268
Lolland,2015,256398
Næstved,2015,288941
Odsherred,2015,271584
Ringsted,2015,300358
Slagelse,2015,277129
Sorø,2015,302594
Stevns,2015,299755
Vordingborg,2015,275865
Assens,2015,279089
Faaborg-Midtfyn,2015,278217
Kerteminde,2015,291161
Langeland,2015,247889
Middelfart,2015,309662
Nordfyns,2015,278900
Nyborg,2015,278787
Odense,2015,277392
Svendborg,2015,283894
Ærø,2015,254644
Billund,2015,298105
Esbjerg,2015,294849
Fanø,2015,311302
Fredericia,2015,295812
Haderslev,2015,280738
Kolding,2015,303927
Sønderborg,2015,282945
Tønder,2015,263345
Varde,2015,286346
Vejen,2015,287526
Vejle,2015,310525
Aabenraa,2015,277947
Favrskov,2015,309921
Hedensted,2015,305408
Horsens,2015,293193
Norddjurs,2015,268649
Odder,2015,301469
Randers,2015,280907
Samsø,2015,273793
Silkeborg,2015,306948
Skanderborg,2015,333338
Syddjurs,2015,295206
Aarhus,2015,303066
Herning,2015,291084
Holstebro,2015,291755
Ikast-Brande,2015,288390
Lemvig,2015,290905
Ringkøbing-Skjern,2015,289490
Skive,2015,276127
Struer,2015,276057
Viborg,2015,293476
Brønderslev,2015,279391
Frederikshavn,2015,279647
Hjørring,2015,280522
Jammerbugt,2015,278296
Læsø,2015,252038
Mariagerfjord,2015,279997
Morsø,2015,263783
Rebild,2015,307115
Thisted,2015,275604
Vesthimmerland,2015,269902
Aalborg,2015,284504
København,2016,311523
Frederiksberg,2016,371637
Dragør,2016,399826
Tårnby,2016,315828
Albertslund,2016,280298
Ballerup,2016,317890
Brøndby,2016,278950
Gentofte,2016,579957
Gladsaxe,2016,331848
Glostrup,2016,311497
Herlev,2016,313047
Hvidovre,2016,305189
Høje-Taastrup,2016,299601
Ishøj,2016,273059
Lyngby-Taarbæk,2016,437476
Rødovre,2016,308437
Vallensbæk,2016,341546
Allerød,2016,404423
Egedal,2016,360530
Fredensborg,2016,383438
Frederikssund,2016,321779
Furesø,2016,407246
Gribskov,2016,321353
Halsnæs,2016,298035
Helsingør,2016,337931
Hillerød,2016,354720
Hørsholm,2016,509251
Rudersdal,2016,553901
Bornholm,2016,268743
Greve,2016,340228
Køge,2016,315336
Lejre,2016,342653
Roskilde,2016,347629
Solrød,2016,376092
Faxe,2016,295032
Guldborgsund,2016,270912
Holbæk,2016,304858
Kalundborg,2016,295784
Lolland,2016,259690
Næstved,2016,293169
Odsherred,2016,274771
Ringsted,2016,305931
Slagelse,2016,282770
Sorø,2016,305570
Stevns,2016,304132
Vordingborg,2016,276731
Assens,2016,283827
Faaborg-Midtfyn,2016,278611
Kerteminde,2016,298100
Langeland,2016,253150
Middelfart,2016,310618
Nordfyns,2016,281403
Nyborg,2016,282398
Odense,2016,279183
Svendborg,2016,287904
Ærø,2016,262654
Billund,2016,302269
Esbjerg,2016,298953
Fanø,2016,311074
Fredericia,2016,305361
Haderslev,2016,284332
Kolding,2016,308923
Sønderborg,2016,287172
Tønder,2016,267675
Varde,2016,289264
Vejen,2016,287988
Vejle,2016,315259
Aabenraa,2016,282719
Favrskov,2016,316838
Hedensted,2016,306413
Horsens,2016,298740
Norddjurs,2016,271611
Odder,2016,307072
Randers,2016,285415
Samsø,2016,272430
Silkeborg,2016,323446
Skanderborg,2016,338893
Syddjurs,2016,303029
Aarhus,2016,303626
Herning,2016,297690
Holstebro,2016,291868
Ikast-Brande,2016,293117
Lemvig,2016,303188
Ringkøbing-Skjern,2016,291917
Skive,2016,280980
Struer,2016,277973
Viborg,2016,297890
Brønderslev,2016,292938
Frederikshavn,2016,283445
Hjørring,2016,284379
Jammerbugt,2016,280552
Læsø,2016,261291
Mariagerfjord,2016,285320
Morsø,2016,267145
Rebild,2016,312638
Thisted,2016,281922
Vesthimmerland,2016,274348
Aalborg,2016,288130
København,2017,319745
Frederiksberg,2017,384186
Dragør,2017,410044
Tårnby,2017,322928
Albertslund,2017,283546
Ballerup,2017,323363
Brøndby,2017,283280
Gentofte,2017,583331
Gladsaxe,2017,340435
Glostrup,2017,318219
Herlev,2017,316796
Hvidovre,2017,311058
Høje-Taastrup,2017,306709
Ishøj,2017,278470
Lyngby-Taarbæk,2017,440171
Rødovre,2017,315174
Vallensbæk,2017,344545
Allerød,2017,413531
Egedal,2017,371405
Fredensborg,2017,386014
Frederikssund,2017,326487
Furesø,2017,417711
Gribskov,2017,327821
Halsnæs,2017,306545
Helsingør,2017,345074
Hillerød,2017,359956
Hørsholm,2017,536729
Rudersdal,2017,559648
Bornholm,2017,276940
Greve,2017,348180
Køge,2017,323238
Lejre,2017,351357
Roskilde,2017,355919
Solrød,2017,379057
Faxe,2017,301658
Guldborgsund,2017,276056
Holbæk,2017,312477
Kalundborg,2017,299022
Lolland,2017,264422
Næstved,2017,301020
Odsherred,2017,281363
Ringsted,2017,314594
Slagelse,2017,289148
Sorø,2017,314113
Stevns,2017,310392
Vordingborg,2017,282718
Assens,2017,291657
Faaborg-Midtfyn,2017,288458
Kerteminde,2017,302153
Langeland,2017,257776
Middelfart,2017,323234
Nordfyns,2017,289854
Nyborg,2017,288951
Odense,2017,284822
Svendborg,2017,293029
Ærø,2017,265233
Billund,2017,316820
Esbjerg,2017,306984
Fanø,2017,321801
Fredericia,2017,307552
Haderslev,2017,293545
Kolding,2017,317707
Sønderborg,2017,297579
Tønder,2017,281082
Varde,2017,299644
Vejen,2017,300749
Vejle,2017,325156
Aabenraa,2017,293063
Favrskov,2017,326520
Hedensted,2017,315311
Horsens,2017,308547
Norddjurs,2017,279562
Odder,2017,314599
Randers,2017,291379
Samsø,2017,280097
Silkeborg,2017,325198
Skanderborg,2017,346242
Syddjurs,2017,309370
Aarhus,2017,314040
Herning,2017,307011
Holstebro,2017,301544
Ikast-Brande,2017,300864
Lemvig,2017,303218
Ringkøbing-Skjern,2017,303997
Skive,2017,290346
Struer,2017,286506
Viborg,2017,309582
Brønderslev,2017,292397
Frederikshavn,2017,290973
Hjørring,2017,297179
Jammerbugt,2017,285885
Læsø,2017,270385
Mariagerfjord,2017,293698
Morsø,2017,277524
Rebild,2017,323725
Thisted,2017,289210
Vesthimmerland,2017,284471
Aalborg,2017,296597
København,2018,329200
Frederiksberg,2018,395083
Dragør,2018,420010
Tårnby,2018,330986
Albertslund,2018,290087
Ballerup,2018,329386
Brøndby,2018,289757
Gentofte,2018,594637
Gladsaxe,2018,344899
Glostrup,2018,322796
Herlev,2018,326319
Hvidovre,2018,318797
Høje-Taastrup,2018,309595
Ishøj,2018,283723
Lyngby-Taarbæk,2018,450436
Rødovre,2018,321798
Vallensbæk,2018,350821
Allerød,2018,417514
Egedal,2018,379394
Fredensborg,2018,393429
Frederikssund,2018,333896
Furesø,2018,425765
Gribskov,2018,331070
Halsnæs,2018,311758
Helsingør,2018,351300
Hillerød,2018,364791
Hørsholm,2018,522378
Rudersdal,2018,563994
Bornholm,2018,279541
Greve,2018,352836
Køge,2018,329991
Lejre,2018,359999
Roskilde,2018,363744
Solrød,2018,385276
Faxe,2018,307816
Guldborgsund,2018,280318
Holbæk,2018,318086
Kalundborg,2018,303876
Lolland,2018,267173
Næstved,2018,305561
Odsherred,2018,285351
Ringsted,2018,318670
Slagelse,2018,295393
Sorø,2018,317782
Stevns,2018,319958
Vordingborg,2018,289155
Assens,2018,294950
Faaborg-Midtfyn,2018,295989
Kerteminde,2018,307535
Langeland,2018,259870
Middelfart,2018,326767
Nordfyns,2018,296979
Nyborg,2018,298410
Odense,2018,291536
Svendborg,2018,296604
Ærø,2018,268783
Billund,2018,319555
Esbjerg,2018,312077
Fanø,2018,323936
Fredericia,2018,311178
Haderslev,2018,298613
Kolding,2018,323859
Sønderborg,2018,302596
Tønder,2018,282514
Varde,2018,302034
Vejen,2018,305337
Vejle,2018,331377
Aabenraa,2018,296069
Favrskov,2018,333235
Hedensted,2018,324047
Horsens,2018,315506
Norddjurs,2018,284089
Odder,2018,318601
Randers,2018,298642
Samsø,2018,285503
Silkeborg,2018,330999
Skanderborg,2018,354051
Syddjurs,2018,311174
Aarhus,2018,320150
Herning,2018,313029
Holstebro,2018,304405
Ikast-Brande,2018,303348
Lemvig,2018,298988
Ringkøbing-Skjern,2018,305827
Skive,2018,294751
Struer,2018,290688
Viborg,2018,315542
Brønderslev,2018,294854
Frederikshavn,2018,294615
Hjørring,2018,298657
Jammerbugt,2018,293060
Læsø,2018,266404
Mariagerfjord,2018,299693
Morsø,2018,279478
Rebild,2018,332089
Thisted,2018,292662
Vesthimmerland,2018,289262
Aalborg,2018,302998
København,2019,342385
Frederiksberg,2019,412387
Dragør,2019,437574
Tårnby,2019,339955
Albertslund,2019,295184
Ballerup,2019,339849
Brøndby,2019,295586
Gentofte,2019,663328
Gladsaxe,2019,357810
Glostrup,2019,331431
Herlev,2019,334649
Hvidovre,2019,328742
Høje-Taastrup,2019,318459
Ishøj,2019,290740
Lyngby-Taarbæk,2019,470822
Rødovre,2019,330436
Vallensbæk,2019,358542
Allerød,2019,437980
Egedal,2019,382190
Fredensborg,2019,411693
Frederikssund,2019,341632
Furesø,2019,441619
Gribskov,2019,340353
Halsnæs,2019,317475
Helsingør,2019,364897
Hillerød,2019,375970
Hørsholm,2019,552971
Rudersdal,2019,619415
Bornholm,2019,291198
Greve,2019,360347
Køge,2019,339180
Lejre,2019,366862
Roskilde,2019,377376
Solrød,2019,409689
Faxe,2019,316447
Guldborgsund,2019,289707
Holbæk,2019,327589
Kalundborg,2019,313234
Lolland,2019,276923
Næstved,2019,315629
Odsherred,2019,294814
Ringsted,2019,328577
Slagelse,2019,303009
Sorø,2019,331063
Stevns,2019,330035
Vordingborg,2019,297340
Assens,2019,307255
Faaborg-Midtfyn,2019,303491
Kerteminde,2019,319218
Langeland,2019,273927
Middelfart,2019,346553
Nordfyns,2019,305767
Nyborg,2019,305597
Odense,2019,299596
Svendborg,2019,312320
Ærø,2019,275369
Billund,2019,330078
Esbjerg,2019,323003
Fanø,2019,332734
Fredericia,2019,320608
Haderslev,2019,307969
Kolding,2019,332888
Sønderborg,2019,312845
Tønder,2019,298550
Varde,2019,314202
Vejen,2019,315692
Vejle,2019,343644
Aabenraa,2019,305855
Favrskov,2019,341952
Hedensted,2019,331872
Horsens,2019,325451
Norddjurs,2019,294950
Odder,2019,330256
Randers,2019,308386
Samsø,2019,297801
Silkeborg,2019,340637
Skanderborg,2019,366933
Syddjurs,2019,324847
Aarhus,2019,327869
Herning,2019,322493
Holstebro,2019,314745
Ikast-Brande,2019,324890
Lemvig,2019,317157
Ringkøbing-Skjern,2019,317349
Skive,2019,305678
Struer,2019,300986
Viborg,2019,324806
Brønderslev,2019,308082
Frederikshavn,2019,303939
Hjørring,2019,307772
Jammerbugt,2019,302417
Læsø,2019,277551
Mariagerfjord,2019,312392
Morsø,2019,296882
Rebild,2019,345560
Thisted,2019,306245
Vesthimmerland,2019,302365
Aalborg,2019,310886
København,2020,358403
Frederiksberg,2020,432294
Dragør,2020,449328
Tårnby,2020,357667
Albertslund,2020,307232
Ballerup,2020,354043
Brøndby,2020,308783
Gentofte,2020,657268
Gladsaxe,2020,379028
Glostrup,2020,348504
Herlev,2020,358169
Hvidovre,2020,344135
Høje-Taastrup,2020,330985
Ishøj,2020,304393
Lyngby-Taarbæk,2020,484118
Rødovre,2020,348518
Vallensbæk,2020,379206
Allerød,2020,448045
Egedal,2020,400462
Fredensborg,2020,420850
Frederikssund,2020,359533
Furesø,2020,453142
Gribskov,2020,360873
Halsnæs,2020,334290
Helsingør,2020,383629
Hillerød,2020,392617
Hørsholm,2020,594608
Rudersdal,2020,627306
Bornholm,2020,300997
Greve,2020,378532
Køge,2020,360945
Lejre,2020,381395
Roskilde,2020,395458
Solrød,2020,423487
Faxe,2020,334636
Guldborgsund,2020,306253
Holbæk,2020,344437
Kalundborg,2020,325201
Lolland,2020,288817
Næstved,2020,332115
Odsherred,2020,308823
Ringsted,2020,345328
Slagelse,2020,315702
Sorø,2020,341658
Stevns,2020,341201
Vordingborg,2020,314816
Assens,2020,319669
Faaborg-Midtfyn,2020,317296
Kerteminde,2020,330975
Langeland,2020,290793
Middelfart,2020,363578
Nordfyns,2020,317701
Nyborg,2020,321558
Odense,2020,312709
Svendborg,2020,328453
Ærø,2020,288173
Billund,2020,342119
Esbjerg,2020,335222
Fanø,2020,345687
Fredericia,2020,334068
Haderslev,2020,321204
Kolding,2020,354620
Sønderborg,2020,324383
Tønder,2020,307894
Varde,2020,329416
Vejen,2020,331257
Vejle,2020,360229
Aabenraa,2020,318589
Favrskov,2020,361971
Hedensted,2020,348752
Horsens,2020,341426
Norddjurs,2020,310582
Odder,2020,348911
Randers,2020,323881
Samsø,2020,320781
Silkeborg,2020,360011
Skanderborg,2020,389662
Syddjurs,2020,342170
Aarhus,2020,342595
Herning,2020,341503
Holstebro,2020,331006
Ikast-Brande,2020,354941
Lemvig,2020,333571
Ringkøbing-Skjern,2020,333416
Skive,2020,326206
Struer,2020,312404
Viborg,2020,340343
Brønderslev,2020,326066
Frederikshavn,2020,316606
Hjørring,2020,322370
Jammerbugt,2020,320264
Læsø,2020,287421
Mariagerfjord,2020,328366
Morsø,2020,307301
Rebild,2020,361900
Thisted,2020,320294
Vesthimmerland,2020,314478
Aalborg,2020,326049
København,2021,380513
Frederiksberg,2021,457434
Dragør,2021,470826
Tårnby,2021,369946
Albertslund,2021,320657
Ballerup,2021,367537
Brøndby,2021,318925
Gentofte,2021,746631
Gladsaxe,2021,394146
Glostrup,2021,363198
Herlev,2021,365579
Hvidovre,2021,358739
Høje-Taastrup,2021,344798
Ishøj,2021,316989
Lyngby-Taarbæk,2021,529564
Rødovre,2021,362949
Vallensbæk,2021,392844
Allerød,2021,469492
Egedal,2021,423113
Fredensborg,2021,451765
Frederikssund,2021,371448
Furesø,2021,476753
Gribskov,2021,374955
Halsnæs,2021,344709
Helsingør,2021,403329
Hillerød,2021,409570
Hørsholm,2021,603162
Rudersdal,2021,676338
Bornholm,2021,311242
Greve,2021,391201
Køge,2021,371144
Lejre,2021,397764
Roskilde,2021,412543
Solrød,2021,439504
Faxe,2021,343483
Guldborgsund,2021,320875
Holbæk,2021,361563
Kalundborg,2021,339870
Lolland,2021,303701
Næstved,2021,345928
Odsherred,2021,321181
Ringsted,2021,359759
Slagelse,2021,332673
Sorø,2021,357873
Stevns,2021,356731
Vordingborg,2021,326457
Assens,2021,332682
Faaborg-Midtfyn,2021,328759
Kerteminde,2021,349296
Langeland,2021,293158
Middelfart,2021,372607
Nordfyns,2021,328173
Nyborg,2021,333900
Odense,2021,328305
Svendborg,2021,341899
Ærø,2021,299383
Billund,2021,358509
Esbjerg,2021,352559
Fanø,2021,365876
Fredericia,2021,349745
Haderslev,2021,333679
Kolding,2021,368102
Sønderborg,2021,338883
Tønder,2021,321505
Varde,2021,345179
Vejen,2021,348097
Vejle,2021,379864
Aabenraa,2021,332956
Favrskov,2021,376417
Hedensted,2021,362595
Horsens,2021,355262
Norddjurs,2021,321270
Odder,2021,359949
Randers,2021,334591
Samsø,2021,331348
Silkeborg,2021,378357
Skanderborg,2021,404314
Syddjurs,2021,363621
Aarhus,2021,359620
Herning,2021,353634
Holstebro,2021,351356
Ikast-Brande,2021,342835
Lemvig,2021,348692
Ringkøbing-Skjern,2021,348411
Skive,2021,334112
Struer,2021,328535
Viborg,2021,352699
Brønderslev,2021,337692
Frederikshavn,2021,327898
Hjørring,2021,334249
Jammerbugt,2021,335768
Læsø,2021,309453
Mariagerfjord,2021,340013
Morsø,2021,318156
Rebild,2021,375003
Thisted,2021,332032
Vesthimmerland,2021,338491
Aalborg,2021,339383
København,2022,383030
Frederiksberg,2022,451144
Dragør,2022,472765
Tårnby,2022,372285
Albertslund,2022,322050
Ballerup,2022,369658
Brøndby,2022,321585
Gentofte,2022,744111
Gladsaxe,2022,394784
Glostrup,2022,362639
Herlev,2022,364777
Hvidovre,2022,362017
Høje-Taastrup,2022,344570
Ishøj,2022,319991
Lyngby-Taarbæk,2022,521510
Rødovre,2022,363577
Vallensbæk,2022,387237
Allerød,2022,471017
Egedal,2022,410756
Fredensborg,2022,430982
Frederikssund,2022,375203
Furesø,2022,472637
Gribskov,2022,375897
Halsnæs,2022,343759
Helsingør,2022,396992
Hillerød,2022,411800
Hørsholm,2022,586706
Rudersdal,2022,638024
Bornholm,2022,311362
Greve,2022,389332
Køge,2022,371967
Lejre,2022,397523
Roskilde,2022,411307
Solrød,2022,431338
Faxe,2022,347278
Guldborgsund,2022,321340
Holbæk,2022,362477
Kalundborg,2022,345014
Lolland,2022,306887
Næstved,2022,344724
Odsherred,2022,323658
Ringsted,2022,360008
Slagelse,2022,337047
Sorø,2022,358972
Stevns,2022,360671
Vordingborg,2022,334910
Assens,2022,333231
Faaborg-Midtfyn,2022,333316
Kerteminde,2022,351021
Langeland,2022,298690
Middelfart,2022,380569
Nordfyns,2022,333427
Nyborg,2022,334811
Odense,2022,329574
Svendborg,2022,343191
Ærø,2022,298257
Billund,2022,365635
Esbjerg,2022,354270
Fanø,2022,356100
Fredericia,2022,353985
Haderslev,2022,335529
Kolding,2022,366491
Sønderborg,2022,340968
Tønder,2022,333132
Varde,2022,351378
Vejen,2022,353416
Vejle,2022,378172
Aabenraa,2022,337605
Favrskov,2022,377631
Hedensted,2022,367832
Horsens,2022,356344
Norddjurs,2022,327123
Odder,2022,359591
Randers,2022,340816
Samsø,2022,321390
Silkeborg,2022,379883
Skanderborg,2022,403433
Syddjurs,2022,352364
Aarhus,2022,361364
Herning,2022,358379
Holstebro,2022,349412
Ikast-Brande,2022,348055
Lemvig,2022,353197
Ringkøbing-Skjern,2022,348794
Skive,2022,339014
Struer,2022,332380
Viborg,2022,354679
Brønderslev,2022,339070
Frederikshavn,2022,332902
Hjørring,2022,336152
Jammerbugt,2022,334108
Læsø,2022,296061
Mariagerfjord,2022,346165
Morsø,2022,329492
Rebild,2022,383846
Thisted,2022,336003
Vesthimmerland,2022,339304
Aalborg,2022,344376
København,2023,408401
Frederiksberg,2023,481600
Dragør,2023,505342
Tårnby,2023,392949
Albertslund,2023,340153
Ballerup,2023,390534
Brøndby,2023,339869
Gentofte,2023,886422
Gladsaxe,2023,421424
Glostrup,2023,381950
Herlev,2023,386548
Hvidovre,2023,383784
Høje-Taastrup,2023,363758
Ishøj,2023,337525
Lyngby-Taarbæk,2023,591252
Rødovre,2023,384499
Vallensbæk,2023,409862
Allerød,2023,494246
Egedal,2023,440544
Fredensborg,2023,464397
Frederikssund,2023,393935
Furesø,2023,512040
Gribskov,2023,395416
Halsnæs,2023,362168
Helsingør,2023,424428
Hillerød,2023,432384
Hørsholm,2023,622801
Rudersdal,2023,704030
Bornholm,2023,326444
Greve,2023,416533
Køge,2023,395168
Lejre,2023,416259
Roskilde,2023,441257
Solrød,2023,460524
Faxe,2023,363176
Guldborgsund,2023,336110
Holbæk,2023,381994
Kalundborg,2023,371673
Lolland,2023,320551
Næstved,2023,361631
Odsherred,2023,340126
Ringsted,2023,376138
Slagelse,2023,348793
Sorø,2023,378076
Stevns,2023,376469
Vordingborg,2023,343730
Assens,2023,350702
Faaborg-Midtfyn,2023,347749
Kerteminde,2023,370677
Langeland,2023,313851
Middelfart,2023,397372
Nordfyns,2023,346490
Nyborg,2023,354013
Odense,2023,347544
Svendborg,2023,359606
Ærø,2023,310190
Billund,2023,598865
Esbjerg,2023,374857
Fanø,2023,369530
Fredericia,2023,370674
Haderslev,2023,350375
Kolding,2023,384292
Sønderborg,2023,354589
Tønder,2023,338262
Varde,2023,364039
Vejen,2023,551164
Vejle,2023,398156
Aabenraa,2023,349520
Favrskov,2023,394183
Hedensted,2023,381583
Horsens,2023,370141
Norddjurs,2023,338642
Odder,2023,380276
Randers,2023,353256
Samsø,2023,337037
Silkeborg,2023,397691
Skanderborg,2023,421649
Syddjurs,2023,368827
Aarhus,2023,379743
Herning,2023,372912
Holstebro,2023,364386
Ikast-Brande,2023,358219
Lemvig,2023,374157
Ringkøbing-Skjern,2023,365128
Skive,2023,351099
Struer,2023,344745
Viborg,2023,365235
Brønderslev,2023,352765
Frederikshavn,2023,348769
Hjørring,2023,353253
Jammerbugt,2023,345080
Læsø,2023,318633
Mariagerfjord,2023,358530
Morsø,2023,336200
Rebild,2023,400589
Thisted,2023,343577
Vesthimmerland,2023,348796
Aalborg,2023,361179
København,2024,434374
Frederiksberg,2024,507786
Dragør,2024,529447
Tårnby,2024,416237
Albertslund,2024,356358
Ballerup,2024,411948
Brøndby,2024,354091
Gentofte,2024,841834
Gladsaxe,2024,441471
Glostrup,2024,400547
Herlev,2024,411839
Hvidovre,2024,405235
Høje-Taastrup,2024,382046
Ishøj,2024,351224
Lyngby-Taarbæk,2024,589541
Rødovre,2024,403089
Vallensbæk,2024,428129
Allerød,2024,527064
Egedal,2024,461053
Fredensborg,2024,500960
Frederikssund,2024,411179
Furesø,2024,538352
Gribskov,2024,418697
Halsnæs,2024,381754
Helsingør,2024,450951
Hillerød,2024,460597
Hørsholm,2024,669949
Rudersdal,2024,792373
Bornholm,2024,343939
Greve,2024,431772
Køge,2024,416634
Lejre,2024,438869
Roskilde,2024,467344
Solrød,2024,482312
Faxe,2024,377934
Guldborgsund,2024,352418
Holbæk,2024,400079
Kalundborg,2024,393184
Lolland,2024,337592
Næstved,2024,379740
Odsherred,2024,357018
Ringsted,2024,397074
Slagelse,2024,370036
Sorø,2024,400279
Stevns,2024,396882
Vordingborg,2024,366110
Assens,2024,365357
Faaborg-Midtfyn,2024,363338
Kerteminde,2024,385717
Langeland,2024,324053
Middelfart,2024,415538
Nordfyns,2024,361679
Nyborg,2024,366493
Odense,2024,365777
Svendborg,2024,373979
Ærø,2024,328729
Billund,2024,411187
Esbjerg,2024,395455
Fanø,2024,387164
Fredericia,2024,389279
Haderslev,2024,363836
Kolding,2024,399526
Sønderborg,2024,370363
Tønder,2024,354448
Varde,2024,386691
Vejen,2024,548986
Vejle,2024,418847
Aabenraa,2024,368931
Favrskov,2024,411277
Hedensted,2024,400421
Horsens,2024,390800
Norddjurs,2024,356962
Odder,2024,394344
Randers,2024,370541
Samsø,2024,350457
Silkeborg,2024,419589
Skanderborg,2024,443141
Syddjurs,2024,390405
Aarhus,2024,399725
Herning,2024,392677
Holstebro,2024,385396
Ikast-Brande,2024,380735
Lemvig,2024,396357
Ringkøbing-Skjern,2024,388006
Skive,2024,371221
Struer,2024,364496
Viborg,2024,386991
Brønderslev,2024,369297
Frederikshavn,2024,370847
Hjørring,2024,368972
Jammerbugt,2024,365375
Læsø,2024,340494
Mariagerfjord,2024,377188
Morsø,2024,354284
Rebild,2024,421746
Thisted,2024,362541
Vesthimmerland,2024,365272
Aalborg,2024,382866
