kommune,år,population
Aabenraa,1992,59903
Aabenraa,1993,59839
Aabenraa,1994,60036
Aabenraa,1995,59999
Aabenraa,1996,60045
Aabenraa,1997,60434
Aabenraa,1998,60296
Aabenraa,1999,60189
Aabenraa,2000,60116
Aabenraa,2001,60025
Aabenraa,2002,60066
Aabenraa,2003,60016
Aabenraa,2004,60074
Aabenraa,2005,60151
Aabenraa,2006,59974
Aabenraa,2007,60189
Aabenraa,2008,60392
Aabenraa,2009,59978
Aabenraa,2010,59795
Aabenraa,2011,59600
Aabenraa,2012,59208
Aabenraa,2013,58970
Aabenraa,2014,58904
Aabenraa,2015,58869
Aabenraa,2016,59003
Aabenraa,2017,59089
Aabenraa,2018,59035
Aabenraa,2019,58761
Aabenraa,2020,58526
Aabenraa,2021,58693
Aabenraa,2022,59002
Aabenraa,2023,58657
Aabenraa,2024,58621
Aabenraa,2025,58405
Aalborg,1992,184001
Aalborg,1993,184815
Aalborg,1994,185610
Aalborg,1995,186415
Aalborg,1996,187632
Aalborg,1997,188595
Aalborg,1998,188752
Aalborg,1999,189245
Aalborg,2000,189476
Aalborg,2001,190181
Aalborg,2002,191051
Aalborg,2003,191325
Aalborg,2004,192188
Aalborg,2005,192353
Aalborg,2006,193529
Aalborg,2007,195145
Aalborg,2008,196292
Aalborg,2009,197426
Aalborg,2010,199188
Aalborg,2011,201142
Aalborg,2012,203448
Aalborg,2013,205809
Aalborg,2014,207805
Aalborg,2015,210316
Aalborg,2016,211937
Aalborg,2017,213558
Aalborg,2018,215312
Aalborg,2019,217075
Aalborg,2020,219487
Aalborg,2021,221082
Aalborg,2022,222571
Aalborg,2023,223174
Aalborg,2024,224612
Aalborg,2025,226033
Aarhus,1992,267873
Aarhus,1993,271272
Aarhus,1994,274535
Aarhus,1995,277477
Aarhus,1996,279759
Aarhus,1997,281396
Aarhus,1998,282137
Aarhus,1999,283673
Aarhus,2000,284846
Aarhus,2001,286668
Aarhus,2002,288837
Aarhus,2003,291258
Aarhus,2004,293510
Aarhus,2005,294954
Aarhus,2006,295513
Aarhus,2007,298538
Aarhus,2008,302618
Aarhus,2009,306650
Aarhus,2010,310956
Aarhus,2011,314545
Aarhus,2012,319094
Aarhus,2013,323893
Aarhus,2014,326246
Aarhus,2015,330639
Aarhus,2016,335684
Aarhus,2017,340421
Aarhus,2018,345332
Aarhus,2019,349983
Aarhus,2020,352751
Aarhus,2021,355238
Aarhus,2022,361544
Aarhus,2023,367095
Aarhus,2024,373388
Aarhus,2025,378361
Albertslund,1992,29572
Albertslund,1993,29611
Albertslund,1994,29570
Albertslund,1995,29389
Albertslund,1996,29207
Albertslund,1997,29442
Albertslund,1998,29411
Albertslund,1999,29315
Albertslund,2000,29331
Albertslund,2001,29201
Albertslund,2002,29130
Albertslund,2003,28839
Albertslund,2004,28498
Albertslund,2005,28146
Albertslund,2006,27853
Albertslund,2007,27602
Albertslund,2008,27706
Albertslund,2009,27730
Albertslund,2010,27800
Albertslund,2011,27864
Albertslund,2012,27824
Albertslund,2013,27728
Albertslund,2014,27806
Albertslund,2015,27880
Albertslund,2016,27896
Albertslund,2017,27743
Albertslund,2018,27877
Albertslund,2019,27731
Albertslund,2020,27366
Albertslund,2021,27599
Albertslund,2022,27530
Albertslund,2023,27677
Albertslund,2024,28117
Albertslund,2025,29262
Allerød,1992,21690
Allerød,1993,21581
Allerød,1994,21747
Allerød,1995,21844
Allerød,1996,22159
Allerød,1997,22423
Allerød,1998,22661
Allerød,1999,22911
Allerød,2000,22943
Allerød,2001,23079
Allerød,2002,23070
Allerød,2003,23374
Allerød,2004,23425
Allerød,2005,23458
Allerød,2006,23498
Allerød,2007,23493
Allerød,2008,23821
Allerød,2009,24089
Allerød,2010,24096
Allerød,2011,24043
Allerød,2012,24073
Allerød,2013,24175
Allerød,2014,24411
Allerød,2015,24732
Allerød,2016,24942
Allerød,2017,25235
Allerød,2018,25646
Allerød,2019,25633
Allerød,2020,25893
Allerød,2021,25867
Allerød,2022,26061
Allerød,2023,25962
Allerød,2024,26128
Allerød,2025,26496
Assens,1992,40251
Assens,1993,40281
Assens,1994,40402
Assens,1995,40460
Assens,1996,40597
Assens,1997,40735
Assens,1998,40703
Assens,1999,40780
Assens,2000,40869
Assens,2001,41055
Assens,2002,41226
Assens,2003,41141
Assens,2004,41109
Assens,2005,41201
Assens,2006,41369
Assens,2007,42054
Assens,2008,42128
Assens,2009,42054
Assens,2010,41635
Assens,2011,41443
Assens,2012,41325
Assens,2013,41037
Assens,2014,41046
Assens,2015,41224
Assens,2016,41390
Assens,2017,41328
Assens,2018,41212
Assens,2019,40965
Assens,2020,40867
Assens,2021,40972
Assens,2022,40944
Assens,2023,40646
Assens,2024,40469
Assens,2025,40369
Ballerup,1992,45476
Ballerup,1993,45427
Ballerup,1994,45293
Ballerup,1995,45356
Ballerup,1996,45310
Ballerup,1997,45080
Ballerup,1998,45276
Ballerup,1999,45286
Ballerup,2000,45317
Ballerup,2001,45724
Ballerup,2002,46342
Ballerup,2003,46443
Ballerup,2004,46610
Ballerup,2005,46759
Ballerup,2006,46654
Ballerup,2007,47116
Ballerup,2008,47398
Ballerup,2009,47652
Ballerup,2010,47930
Ballerup,2011,47994
Ballerup,2012,48211
Ballerup,2013,48514
Ballerup,2014,48355
Ballerup,2015,48224
Ballerup,2016,48231
Ballerup,2017,48295
Ballerup,2018,48458
Ballerup,2019,48602
Ballerup,2020,49310
Ballerup,2021,49274
Ballerup,2022,50039
Ballerup,2023,51237
Ballerup,2024,52939
Ballerup,2025,53950
Billund,1992,25181
Billund,1993,25342
Billund,1994,25507
Billund,1995,25645
Billund,1996,25783
Billund,1997,25923
Billund,1998,26115
Billund,1999,26072
Billund,2000,26033
Billund,2001,26032
Billund,2002,26013
Billund,2003,26021
Billund,2004,26143
Billund,2005,26076
Billund,2006,26133
Billund,2007,26181
Billund,2008,26235
Billund,2009,26160
Billund,2010,26155
Billund,2011,26220
Billund,2012,26357
Billund,2013,26318
Billund,2014,26285
Billund,2015,26434
Billund,2016,26481
Billund,2017,26482
Billund,2018,26629
Billund,2019,26608
Billund,2020,26551
Billund,2021,26631
Billund,2022,27021
Billund,2023,27119
Billund,2024,27168
Billund,2025,27200
Bornholm,1992,90964
Bornholm,1993,90334
Bornholm,1994,90022
Bornholm,1995,89759
Bornholm,1996,90262
Bornholm,1997,89942
Bornholm,1998,89474
Bornholm,1999,88955
Bornholm,2000,88575
Bornholm,2001,88150
Bornholm,2002,88288
Bornholm,2003,43956
Bornholm,2004,43673
Bornholm,2005,43347
Bornholm,2006,43245
Bornholm,2007,42817
Bornholm,2008,42563
Bornholm,2009,42154
Bornholm,2010,41802
Bornholm,2011,41303
Bornholm,2012,40715
Bornholm,2013,40215
Bornholm,2014,39828
Bornholm,2015,39756
Bornholm,2016,39695
Bornholm,2017,39632
Bornholm,2018,39572
Bornholm,2019,39499
Bornholm,2020,39570
Bornholm,2021,39545
Bornholm,2022,39602
Bornholm,2023,39332
Bornholm,2024,38966
Bornholm,2025,38677
Brøndby,1992,33794
Brøndby,1993,33746
Brøndby,1994,33634
Brøndby,1995,33579
Brøndby,1996,34388
Brøndby,1997,34458
Brøndby,1998,34360
Brøndby,1999,34391
Brøndby,2000,34354
Brøndby,2001,34498
Brøndby,2002,34542
Brøndby,2003,34676
Brøndby,2004,34708
Brøndby,2005,34513
Brøndby,2006,34247
Brøndby,2007,33831
Brøndby,2008,33762
Brøndby,2009,33795
Brøndby,2010,34021
Brøndby,2011,34084
Brøndby,2012,34210
Brøndby,2013,34580
Brøndby,2014,35050
Brøndby,2015,35322
Brøndby,2016,35594
Brøndby,2017,35538
Brøndby,2018,35397
Brøndby,2019,35090
Brøndby,2020,35232
Brøndby,2021,35651
Brøndby,2022,37128
Brøndby,2023,39067
Brøndby,2024,40401
Brøndby,2025,40990
Brønderslev,1992,35302
Brønderslev,1993,35204
Brønderslev,1994,35285
Brønderslev,1995,35205
Brønderslev,1996,35088
Brønderslev,1997,35127
Brønderslev,1998,35241
Brønderslev,1999,35219
Brønderslev,2000,35249
Brønderslev,2001,35296
Brønderslev,2002,35397
Brønderslev,2003,35518
Brønderslev,2004,35508
Brønderslev,2005,35320
Brønderslev,2006,35313
Brønderslev,2007,35525
Brønderslev,2008,35762
Brønderslev,2009,35804
Brønderslev,2010,35789
Brønderslev,2011,35754
Brønderslev,2012,35600
Brønderslev,2013,35627
Brønderslev,2014,35781
Brønderslev,2015,36047
Brønderslev,2016,36128
Brønderslev,2017,36289
Brønderslev,2018,36370
Brønderslev,2019,36304
Brønderslev,2020,36177
Brønderslev,2021,36194
Brønderslev,2022,36540
Brønderslev,2023,36614
Brønderslev,2024,36706
Brønderslev,2025,36529
Dragør,1992,12365
Dragør,1993,12374
Dragør,1994,12329
Dragør,1995,12484
Dragør,1996,12519
Dragør,1997,12725
Dragør,1998,12778
Dragør,1999,12789
Dragør,2000,12753
Dragør,2001,12912
Dragør,2002,13075
Dragør,2003,13028
Dragør,2004,13076
Dragør,2005,13156
Dragør,2006,13154
Dragør,2007,13261
Dragør,2008,13411
Dragør,2009,13564
Dragør,2010,13717
Dragør,2011,13692
Dragør,2012,13917
Dragør,2013,13977
Dragør,2014,14028
Dragør,2015,14142
Dragør,2016,14288
Dragør,2017,14272
Dragør,2018,14270
Dragør,2019,14494
Dragør,2020,14569
Dragør,2021,14640
Dragør,2022,14609
Dragør,2023,14569
Dragør,2024,14450
Dragør,2025,14474
Egedal,1992,35676
Egedal,1993,35809
Egedal,1994,36089
Egedal,1995,36081
Egedal,1996,36359
Egedal,1997,36868
Egedal,1998,37293
Egedal,1999,37485
Egedal,2000,37733
Egedal,2001,37967
Egedal,2002,38176
Egedal,2003,38464
Egedal,2004,38585
Egedal,2005,39267
Egedal,2006,39948
Egedal,2007,40533
Egedal,2008,41031
Egedal,2009,41513
Egedal,2010,41614
Egedal,2011,41821
Egedal,2012,42018
Egedal,2013,42210
Egedal,2014,42573
Egedal,2015,42773
Egedal,2016,43082
Egedal,2017,43000
Egedal,2018,43335
Egedal,2019,43354
Egedal,2020,43696
Egedal,2021,44375
Egedal,2022,45202
Egedal,2023,45532
Egedal,2024,45563
Egedal,2025,46240
Esbjerg,1992,112853
Esbjerg,1993,113493
Esbjerg,1994,113917
Esbjerg,1995,113918
Esbjerg,1996,114462
Esbjerg,1997,114376
Esbjerg,1998,114524
Esbjerg,1999,114653
Esbjerg,2000,114589
Esbjerg,2001,114404
Esbjerg,2002,114148
Esbjerg,2003,114072
Esbjerg,2004,114135
Esbjerg,2005,114097
Esbjerg,2006,113755
Esbjerg,2007,114244
Esbjerg,2008,114595
Esbjerg,2009,115114
Esbjerg,2010,115184
Esbjerg,2011,115112
Esbjerg,2012,115051
Esbjerg,2013,115095
Esbjerg,2014,115446
Esbjerg,2015,115748
Esbjerg,2016,115905
Esbjerg,2017,116032
Esbjerg,2018,115652
Esbjerg,2019,115483
Esbjerg,2020,115579
Esbjerg,2021,115459
Esbjerg,2022,115758
Esbjerg,2023,115423
Esbjerg,2024,115157
Esbjerg,2025,114947
Faaborg-Midtfyn,1992,50402
Faaborg-Midtfyn,1993,50619
Faaborg-Midtfyn,1994,50611
Faaborg-Midtfyn,1995,50671
Faaborg-Midtfyn,1996,50820
Faaborg-Midtfyn,1997,50714
Faaborg-Midtfyn,1998,50771
Faaborg-Midtfyn,1999,50827
Faaborg-Midtfyn,2000,50763
Faaborg-Midtfyn,2001,50674
Faaborg-Midtfyn,2002,50733
Faaborg-Midtfyn,2003,50868
Faaborg-Midtfyn,2004,51015
Faaborg-Midtfyn,2005,51144
Faaborg-Midtfyn,2006,51144
Faaborg-Midtfyn,2007,51950
Faaborg-Midtfyn,2008,52108
Faaborg-Midtfyn,2009,52085
Faaborg-Midtfyn,2010,51926
Faaborg-Midtfyn,2011,51635
Faaborg-Midtfyn,2012,51409
Faaborg-Midtfyn,2013,51078
Faaborg-Midtfyn,2014,50953
Faaborg-Midtfyn,2015,51236
Faaborg-Midtfyn,2016,51376
Faaborg-Midtfyn,2017,51536
Faaborg-Midtfyn,2018,51809
Faaborg-Midtfyn,2019,51556
Faaborg-Midtfyn,2020,51683
Faaborg-Midtfyn,2021,51849
Faaborg-Midtfyn,2022,52253
Faaborg-Midtfyn,2023,52291
Faaborg-Midtfyn,2024,52284
Faaborg-Midtfyn,2025,52328
Fanø,1992,3178
Fanø,1993,3153
Fanø,1994,3192
Fanø,1995,3209
Fanø,1996,3272
Fanø,1997,3241
Fanø,1998,3269
Fanø,1999,3267
Fanø,2000,3214
Fanø,2001,3212
Fanø,2002,3227
Fanø,2003,3169
Fanø,2004,3169
Fanø,2005,3151
Fanø,2006,3143
Fanø,2007,3192
Fanø,2008,3207
Fanø,2009,3219
Fanø,2010,3213
Fanø,2011,3251
Fanø,2012,3237
Fanø,2013,3264
Fanø,2014,3263
Fanø,2015,3290
Fanø,2016,3345
Fanø,2017,3401
Fanø,2018,3404
Fanø,2019,3488
Fanø,2020,3456
Fanø,2021,3427
Fanø,2022,3426
Fanø,2023,3357
Fanø,2024,3270
Fanø,2025,3332
Favrskov,1992,37230
Favrskov,1993,37438
Favrskov,1994,37395
Favrskov,1995,37798
Favrskov,1996,38152
Favrskov,1997,38594
Favrskov,1998,38989
Favrskov,1999,39227
Favrskov,2000,39746
Favrskov,2001,39973
Favrskov,2002,40431
Favrskov,2003,40698
Favrskov,2004,41075
Favrskov,2005,41596
Favrskov,2006,42123
Favrskov,2007,45604
Favrskov,2008,46248
Favrskov,2009,46529
Favrskov,2010,46894
Favrskov,2011,47117
Favrskov,2012,47156
Favrskov,2013,47163
Favrskov,2014,47523
Favrskov,2015,47655
Favrskov,2016,47915
Favrskov,2017,48271
Favrskov,2018,48374
Favrskov,2019,48397
Favrskov,2020,48381
Favrskov,2021,48880
Favrskov,2022,49408
Favrskov,2023,49377
Favrskov,2024,49359
Favrskov,2025,49773
Faxe,1992,32033
Faxe,1993,32175
Faxe,1994,32246
Faxe,1995,32354
Faxe,1996,32570
Faxe,1997,32462
Faxe,1998,32838
Faxe,1999,33139
Faxe,2000,33150
Faxe,2001,33577
Faxe,2002,33682
Faxe,2003,33832
Faxe,2004,34220
Faxe,2005,34313
Faxe,2006,34661
Faxe,2007,35418
Faxe,2008,35441
Faxe,2009,35306
Faxe,2010,35277
Faxe,2011,35110
Faxe,2012,35123
Faxe,2013,35119
Faxe,2014,35195
Faxe,2015,35614
Faxe,2016,35916
Faxe,2017,36139
Faxe,2018,36513
Faxe,2019,36576
Faxe,2020,36713
Faxe,2021,37161
Faxe,2022,37344
Faxe,2023,37753
Faxe,2024,37820
Faxe,2025,38143
Fredensborg,1992,37699
Fredensborg,1993,37856
Fredensborg,1994,38277
Fredensborg,1995,38484
Fredensborg,1996,38491
Fredensborg,1997,38857
Fredensborg,1998,39004
Fredensborg,1999,39041
Fredensborg,2000,39222
Fredensborg,2001,39352
Fredensborg,2002,39318
Fredensborg,2003,39500
Fredensborg,2004,39414
Fredensborg,2005,39187
Fredensborg,2006,39131
Fredensborg,2007,39240
Fredensborg,2008,39254
Fredensborg,2009,39226
Fredensborg,2010,39341
Fredensborg,2011,39565
Fredensborg,2012,39462
Fredensborg,2013,39585
Fredensborg,2014,39772
Fredensborg,2015,40112
Fredensborg,2016,40504
Fredensborg,2017,40779
Fredensborg,2018,40819
Fredensborg,2019,40865
Fredensborg,2020,40998
Fredensborg,2021,41211
Fredensborg,2022,41689
Fredensborg,2023,42009
Fredensborg,2024,42186
Fredensborg,2025,42445
Fredericia,1992,46617
Fredericia,1993,46817
Fredericia,1994,46952
Fredericia,1995,47037
Fredericia,1996,47260
Fredericia,1997,47616
Fredericia,1998,47837
Fredericia,1999,47947
Fredericia,2000,48066
Fredericia,2001,48216
Fredericia,2002,48487
Fredericia,2003,48533
Fredericia,2004,48857
Fredericia,2005,49147
Fredericia,2006,49252
Fredericia,2007,49463
Fredericia,2008,49690
Fredericia,2009,49849
Fredericia,2010,50104
Fredericia,2011,50193
Fredericia,2012,50374
Fredericia,2013,50324
Fredericia,2014,50429
Fredericia,2015,50689
Fredericia,2016,50868
Fredericia,2017,51326
Fredericia,2018,51427
Fredericia,2019,51377
Fredericia,2020,51275
Fredericia,2021,51606
Fredericia,2022,52173
Fredericia,2023,52485
Fredericia,2024,52616
Fredericia,2025,52939
Frederiksberg,1992,86372
Frederiksberg,1993,87173
Frederiksberg,1994,87466
Frederiksberg,1995,88002
Frederiksberg,1996,88789
Frederiksberg,1997,89230
Frederiksberg,1998,89507
Frederiksberg,1999,90227
Frederiksberg,2000,90327
Frederiksberg,2001,91076
Frederiksberg,2002,91322
Frederiksberg,2003,91435
Frederiksberg,2004,91721
Frederiksberg,2005,91886
Frederiksberg,2006,91855
Frederiksberg,2007,93444
Frederiksberg,2008,95029
Frederiksberg,2009,96718
Frederiksberg,2010,98782
Frederiksberg,2011,100215
Frederiksberg,2012,102029
Frederiksberg,2013,102717
Frederiksberg,2014,103192
Frederiksberg,2015,104481
Frederiksberg,2016,105037
Frederiksberg,2017,104410
Frederiksberg,2018,103960
Frederiksberg,2019,104305
Frederiksberg,2020,103677
Frederiksberg,2021,103608
Frederiksberg,2022,104664
Frederiksberg,2023,104899
Frederiksberg,2024,105840
Frederiksberg,2025,106150
Frederikshavn,1992,66896
Frederikshavn,1993,66925
Frederikshavn,1994,66678
Frederikshavn,1995,66388
Frederikshavn,1996,66478
Frederikshavn,1997,66181
Frederikshavn,1998,66055
Frederikshavn,1999,65849
Frederikshavn,2000,65749
Frederikshavn,2001,65484
Frederikshavn,2002,64992
Frederikshavn,2003,64705
Frederikshavn,2004,64209
Frederikshavn,2005,63799
Frederikshavn,2006,63084
Frederikshavn,2007,62751
Frederikshavn,2008,62525
Frederikshavn,2009,62007
Frederikshavn,2010,61576
Frederikshavn,2011,61158
Frederikshavn,2012,60775
Frederikshavn,2013,60458
Frederikshavn,2014,60377
Frederikshavn,2015,60246
Frederikshavn,2016,60356
Frederikshavn,2017,60140
Frederikshavn,2018,59987
Frederikshavn,2019,59654
Frederikshavn,2020,59039
Frederikshavn,2021,58878
Frederikshavn,2022,58864
Frederikshavn,2023,58376
Frederikshavn,2024,57882
Frederikshavn,2025,57523
Frederikssund,1992,39299
Frederikssund,1993,39682
Frederikssund,1994,39963
Frederikssund,1995,40139
Frederikssund,1996,40545
Frederikssund,1997,40885
Frederikssund,1998,41099
Frederikssund,1999,41615
Frederikssund,2000,42058
Frederikssund,2001,42572
Frederikssund,2002,42980
Frederikssund,2003,43463
Frederikssund,2004,43798
Frederikssund,2005,44140
Frederikssund,2006,44991
Frederikssund,2007,44102
Frederikssund,2008,44246
Frederikssund,2009,44182
Frederikssund,2010,44307
Frederikssund,2011,44345
Frederikssund,2012,44365
Frederikssund,2013,44401
Frederikssund,2014,44413
Frederikssund,2015,44725
Frederikssund,2016,45036
Frederikssund,2017,45189
Frederikssund,2018,45332
Frederikssund,2019,45223
Frederikssund,2020,45439
Frederikssund,2021,45800
Frederikssund,2022,46117
Frederikssund,2023,46358
Frederikssund,2024,47052
Frederikssund,2025,47450
Furesø,1992,34445
Furesø,1993,34590
Furesø,1994,34833
Furesø,1995,35198
Furesø,1996,35287
Furesø,1997,35517
Furesø,1998,35920
Furesø,1999,36278
Furesø,2000,36670
Furesø,2001,36808
Furesø,2002,37219
Furesø,2003,36978
Furesø,2004,37076
Furesø,2005,37311
Furesø,2006,37370
Furesø,2007,37667
Furesø,2008,37864
Furesø,2009,38232
Furesø,2010,38286
Furesø,2011,38243
Furesø,2012,38236
Furesø,2013,38492
Furesø,2014,39077
Furesø,2015,40156
Furesø,2016,40613
Furesø,2017,40911
Furesø,2018,41069
Furesø,2019,40965
Furesø,2020,41001
Furesø,2021,41402
Furesø,2022,42077
Furesø,2023,42533
Furesø,2024,42540
Furesø,2025,42874
Gentofte,1992,66077
Gentofte,1993,65986
Gentofte,1994,66251
Gentofte,1995,66508
Gentofte,1996,66706
Gentofte,1997,66986
Gentofte,1998,67402
Gentofte,1999,67709
Gentofte,2000,67957
Gentofte,2001,68094
Gentofte,2002,68213
Gentofte,2003,68314
Gentofte,2004,68704
Gentofte,2005,68991
Gentofte,2006,68623
Gentofte,2007,68913
Gentofte,2008,69794
Gentofte,2009,71052
Gentofte,2010,71714
Gentofte,2011,72814
Gentofte,2012,73360
Gentofte,2013,74282
Gentofte,2014,74932
Gentofte,2015,75350
Gentofte,2016,75805
Gentofte,2017,75803
Gentofte,2018,75176
Gentofte,2019,74830
Gentofte,2020,74550
Gentofte,2021,74217
Gentofte,2022,74838
Gentofte,2023,75033
Gentofte,2024,75076
Gentofte,2025,75106
Gladsaxe,1992,60604
Gladsaxe,1993,60775
Gladsaxe,1994,60956
Gladsaxe,1995,61369
Gladsaxe,1996,61487
Gladsaxe,1997,61459
Gladsaxe,1998,61611
Gladsaxe,1999,61783
Gladsaxe,2000,61867
Gladsaxe,2001,61896
Gladsaxe,2002,61914
Gladsaxe,2003,62006
Gladsaxe,2004,61993
Gladsaxe,2005,62007
Gladsaxe,2006,61735
Gladsaxe,2007,62562
Gladsaxe,2008,63233
Gladsaxe,2009,64102
Gladsaxe,2010,64951
Gladsaxe,2011,65303
Gladsaxe,2012,66030
Gladsaxe,2013,66656
Gladsaxe,2014,67347
Gladsaxe,2015,67914
Gladsaxe,2016,68775
Gladsaxe,2017,69484
Gladsaxe,2018,69681
Gladsaxe,2019,69262
Gladsaxe,2020,69200
Gladsaxe,2021,69259
Gladsaxe,2022,70001
Gladsaxe,2023,70600
Gladsaxe,2024,70958
Gladsaxe,2025,71185
Glostrup,1992,19923
Glostrup,1993,20237
Glostrup,1994,20274
Glostrup,1995,20263
Glostrup,1996,20181
Glostrup,1997,20178
Glostrup,1998,20104
Glostrup,1999,20102
Glostrup,2000,20229
Glostrup,2001,20278
Glostrup,2002,20412
Glostrup,2003,20586
Glostrup,2004,20793
Glostrup,2005,20785
Glostrup,2006,20699
Glostrup,2007,20673
Glostrup,2008,21008
Glostrup,2009,21296
Glostrup,2010,21384
Glostrup,2011,21650
Glostrup,2012,21869
Glostrup,2013,22066
Glostrup,2014,22357
Glostrup,2015,22461
Glostrup,2016,22528
Glostrup,2017,22663
Glostrup,2018,22615
Glostrup,2019,23128
Glostrup,2020,23380
Glostrup,2021,23514
Glostrup,2022,23635
Glostrup,2023,23655
Glostrup,2024,24869
Glostrup,2025,25834
Greve,1992,45942
Greve,1993,46012
Greve,1994,46474
Greve,1995,46809
Greve,1996,46983
Greve,1997,47278
Greve,1998,47485
Greve,1999,47631
Greve,2000,47859
Greve,2001,48033
Greve,2002,48278
Greve,2003,48227
Greve,2004,47971
Greve,2005,47671
Greve,2006,47968
Greve,2007,47773
Greve,2008,47951
Greve,2009,47826
Greve,2010,47978
Greve,2011,47942
Greve,2012,47980
Greve,2013,48095
Greve,2014,48835
Greve,2015,49518
Greve,2016,49921
Greve,2017,49974
Greve,2018,50267
Greve,2019,50558
Greve,2020,50514
Greve,2021,50818
Greve,2022,51507
Greve,2023,52157
Greve,2024,53536
Greve,2025,54120
Gribskov,1992,35906
Gribskov,1993,36319
Gribskov,1994,36838
Gribskov,1995,37072
Gribskov,1996,37653
Gribskov,1997,38142
Gribskov,1998,38652
Gribskov,1999,39189
Gribskov,2000,39209
Gribskov,2001,39347
Gribskov,2002,39683
Gribskov,2003,40124
Gribskov,2004,40394
Gribskov,2005,40409
Gribskov,2006,40360
Gribskov,2007,40512
Gribskov,2008,40627
Gribskov,2009,40694
Gribskov,2010,40700
Gribskov,2011,40603
Gribskov,2012,40655
Gribskov,2013,40778
Gribskov,2014,40855
Gribskov,2015,41107
Gribskov,2016,41213
Gribskov,2017,41217
Gribskov,2018,41195
Gribskov,2019,41048
Gribskov,2020,40971
Gribskov,2021,41147
Gribskov,2022,41547
Gribskov,2023,41920
Gribskov,2024,41797
Gribskov,2025,41787
Guldborgsund,1992,63489
Guldborgsund,1993,63441
Guldborgsund,1994,63376
Guldborgsund,1995,63237
Guldborgsund,1996,63357
Guldborgsund,1997,63289
Guldborgsund,1998,63300
Guldborgsund,1999,63511
Guldborgsund,2000,63509
Guldborgsund,2001,63555
Guldborgsund,2002,63814
Guldborgsund,2003,63901
Guldborgsund,2004,63771
Guldborgsund,2005,63533
Guldborgsund,2006,63451
Guldborgsund,2007,63496
Guldborgsund,2008,63211
Guldborgsund,2009,62912
Guldborgsund,2010,62583
Guldborgsund,2011,61913
Guldborgsund,2012,61322
Guldborgsund,2013,61007
Guldborgsund,2014,60829
Guldborgsund,2015,60979
Guldborgsund,2016,61257
Guldborgsund,2017,61219
Guldborgsund,2018,60930
Guldborgsund,2019,60722
Guldborgsund,2020,60328
Guldborgsund,2021,60310
Guldborgsund,2022,60231
Guldborgsund,2023,59759
Guldborgsund,2024,59350
Guldborgsund,2025,59119
Haderslev,1992,52431
Haderslev,1993,52629
Haderslev,1994,52702
Haderslev,1995,52856
Haderslev,1996,53306
Haderslev,1997,53499
Haderslev,1998,53706
Haderslev,1999,53608
Haderslev,2000,53588
Haderslev,2001,53519
Haderslev,2002,53354
Haderslev,2003,53260
Haderslev,2004,53230
Haderslev,2005,53225
Haderslev,2006,53096
Haderslev,2007,56414
Haderslev,2008,56508
Haderslev,2009,56346
Haderslev,2010,56117
Haderslev,2011,56188
Haderslev,2012,56051
Haderslev,2013,55906
Haderslev,2014,55888
Haderslev,2015,56029
Haderslev,2016,56045
Haderslev,2017,55963
Haderslev,2018,55857
Haderslev,2019,55670
Haderslev,2020,55376
Haderslev,2021,55340
Haderslev,2022,55353
Haderslev,2023,55438
Haderslev,2024,55354
Haderslev,2025,55218
Halsnæs,1992,27417
Halsnæs,1993,27682
Halsnæs,1994,27892
Halsnæs,1995,28191
Halsnæs,1996,28494
Halsnæs,1997,28846
Halsnæs,1998,29123
Halsnæs,1999,29609
Halsnæs,2000,29583
Halsnæs,2001,29733
Halsnæs,2002,29945
Halsnæs,2003,29984
Halsnæs,2004,30089
Halsnæs,2005,30253
Halsnæs,2006,30513
Halsnæs,2007,30824
Halsnæs,2008,31013
Halsnæs,2009,31077
Halsnæs,2010,31056
Halsnæs,2011,30980
Halsnæs,2012,30803
Halsnæs,2013,30647
Halsnæs,2014,30736
Halsnæs,2015,31049
Halsnæs,2016,31162
Halsnæs,2017,31168
Halsnæs,2018,31271
Halsnæs,2019,31384
Halsnæs,2020,31420
Halsnæs,2021,31344
Halsnæs,2022,31466
Halsnæs,2023,31515
Halsnæs,2024,31633
Halsnæs,2025,31738
Hedensted,1992,41038
Hedensted,1993,41271
Hedensted,1994,41269
Hedensted,1995,41545
Hedensted,1996,41987
Hedensted,1997,42392
Hedensted,1998,42747
Hedensted,1999,43228
Hedensted,2000,43426
Hedensted,2001,43727
Hedensted,2002,43929
Hedensted,2003,44132
Hedensted,2004,44496
Hedensted,2005,44951
Hedensted,2006,45582
Hedensted,2007,45561
Hedensted,2008,45954
Hedensted,2009,45982
Hedensted,2010,45980
Hedensted,2011,46029
Hedensted,2012,45868
Hedensted,2013,45715
Hedensted,2014,46091
Hedensted,2015,46206
Hedensted,2016,46524
Hedensted,2017,46616
Hedensted,2018,46747
Hedensted,2019,46722
Hedensted,2020,46773
Hedensted,2021,47099
Hedensted,2022,47609
Hedensted,2023,47725
Hedensted,2024,48167
Hedensted,2025,48578
Helsingør,1992,56794
Helsingør,1993,56701
Helsingør,1994,56785
Helsingør,1995,56855
Helsingør,1996,57421
Helsingør,1997,58102
Helsingør,1998,58645
Helsingør,1999,59092
Helsingør,2000,59492
Helsingør,2001,60131
Helsingør,2002,60546
Helsingør,2003,60569
Helsingør,2004,60927
Helsingør,2005,61295
Helsingør,2006,61340
Helsingør,2007,60844
Helsingør,2008,61053
Helsingør,2009,61143
Helsingør,2010,61368
Helsingør,2011,61493
Helsingør,2012,61613
Helsingør,2013,61519
Helsingør,2014,61632
Helsingør,2015,62092
Helsingør,2016,62443
Helsingør,2017,62686
Helsingør,2018,62567
Helsingør,2019,62695
Helsingør,2020,63000
Helsingør,2021,62875
Helsingør,2022,63399
Helsingør,2023,63838
Helsingør,2024,63953
Helsingør,2025,64244
Herlev,1992,26875
Herlev,1993,26980
Herlev,1994,27117
Herlev,1995,27162
Herlev,1996,27212
Herlev,1997,27285
Herlev,1998,27269
Herlev,1999,27350
Herlev,2000,27365
Herlev,2001,27457
Herlev,2002,27498
Herlev,2003,27318
Herlev,2004,27272
Herlev,2005,27166
Herlev,2006,27023
Herlev,2007,26567
Herlev,2008,26635
Herlev,2009,26556
Herlev,2010,26597
Herlev,2011,26608
Herlev,2012,26958
Herlev,2013,27706
Herlev,2014,28148
Herlev,2015,28423
Herlev,2016,28406
Herlev,2017,28572
Herlev,2018,28786
Herlev,2019,28953
Herlev,2020,28913
Herlev,2021,28867
Herlev,2022,29215
Herlev,2023,29876
Herlev,2024,30784
Herlev,2025,32030
Herning,1992,80152
Herning,1993,80291
Herning,1994,80407
Herning,1995,80705
Herning,1996,81090
Herning,1997,80940
Herning,1998,81147
Herning,1999,81175
Herning,2000,81427
Herning,2001,81703
Herning,2002,82172
Herning,2003,82480
Herning,2004,82760
Herning,2005,82935
Herning,2006,83330
Herning,2007,84208
Herning,2008,85217
Herning,2009,85548
Herning,2010,85852
Herning,2011,86348
Herning,2012,86595
Herning,2013,86842
Herning,2014,86864
Herning,2015,87593
Herning,2016,88386
Herning,2017,88733
Herning,2018,88917
Herning,2019,89127
Herning,2020,89238
Herning,2021,89230
Herning,2022,89952
Herning,2023,89848
Herning,2024,90006
Herning,2025,90546
Hillerød,1992,38879
Hillerød,1993,39468
Hillerød,1994,39804
Hillerød,1995,39940
Hillerød,1996,40421
Hillerød,1997,40483
Hillerød,1998,40912
Hillerød,1999,41405
Hillerød,2000,41855
Hillerød,2001,42418
Hillerød,2002,42761
Hillerød,2003,42861
Hillerød,2004,43066
Hillerød,2005,43337
Hillerød,2006,44327
Hillerød,2007,46568
Hillerød,2008,47081
Hillerød,2009,47473
Hillerød,2010,47916
Hillerød,2011,48203
Hillerød,2012,48315
Hillerød,2013,48695
Hillerød,2014,49108
Hillerød,2015,49672
Hillerød,2016,50109
Hillerød,2017,50650
Hillerød,2018,50998
Hillerød,2019,51183
Hillerød,2020,51528
Hillerød,2021,53257
Hillerød,2022,54159
Hillerød,2023,54422
Hillerød,2024,54855
Hillerød,2025,55182
Hjørring,1992,67572
Hjørring,1993,67749
Hjørring,1994,67847
Hjørring,1995,68066
Hjørring,1996,68303
Hjørring,1997,68459
Hjørring,1998,68649
Hjørring,1999,68643
Hjørring,2000,68479
Hjørring,2001,68369
Hjørring,2002,68325
Hjørring,2003,68022
Hjørring,2004,67898
Hjørring,2005,67816
Hjørring,2006,67480
Hjørring,2007,67121
Hjørring,2008,67102
Hjørring,2009,66803
Hjørring,2010,66473
Hjørring,2011,66178
Hjørring,2012,65767
Hjørring,2013,65405
Hjørring,2014,65295
Hjørring,2015,65411
Hjørring,2016,65307
Hjørring,2017,65257
Hjørring,2018,64665
Hjørring,2019,64483
Hjørring,2020,64155
Hjørring,2021,63839
Hjørring,2022,63998
Hjørring,2023,63544
Hjørring,2024,63311
Hjørring,2025,62979
Holbæk,1992,61203
Holbæk,1993,61480
Holbæk,1994,61746
Holbæk,1995,62020
Holbæk,1996,62652
Holbæk,1997,62737
Holbæk,1998,63162
Holbæk,1999,63544
Holbæk,2000,63971
Holbæk,2001,64258
Holbæk,2002,64925
Holbæk,2003,65499
Holbæk,2004,66036
Holbæk,2005,66611
Holbæk,2006,67621
Holbæk,2007,69010
Holbæk,2008,69528
Holbæk,2009,69550
Holbæk,2010,69521
Holbæk,2011,69415
Holbæk,2012,69263
Holbæk,2013,69016
Holbæk,2014,69035
Holbæk,2015,69972
Holbæk,2016,70950
Holbæk,2017,70983
Holbæk,2018,71297
Holbæk,2019,71541
Holbæk,2020,71913
Holbæk,2021,72810
Holbæk,2022,73440
Holbæk,2023,74129
Holbæk,2024,74490
Holbæk,2025,75009
Holstebro,1992,53915
Holstebro,1993,54082
Holstebro,1994,54264
Holstebro,1995,54470
Holstebro,1996,54853
Holstebro,1997,55044
Holstebro,1998,55369
Holstebro,1999,55804
Holstebro,2000,55759
Holstebro,2001,56007
Holstebro,2002,56206
Holstebro,2003,56311
Holstebro,2004,56145
Holstebro,2005,56204
Holstebro,2006,56462
Holstebro,2007,57020
Holstebro,2008,57267
Holstebro,2009,57056
Holstebro,2010,57161
Holstebro,2011,57153
Holstebro,2012,57254
Holstebro,2013,57338
Holstebro,2014,57494
Holstebro,2015,57661
Holstebro,2016,58125
Holstebro,2017,58418
Holstebro,2018,58504
Holstebro,2019,58591
Holstebro,2020,58662
Holstebro,2021,58553
Holstebro,2022,58978
Holstebro,2023,59016
Holstebro,2024,59201
Holstebro,2025,59324
Horsens,1992,64733
Horsens,1993,64715
Horsens,1994,64810
Horsens,1995,64788
Horsens,1996,65387
Horsens,1997,65841
Horsens,1998,66115
Horsens,1999,66306
Horsens,2000,66593
Horsens,2001,66630
Horsens,2002,67010
Horsens,2003,67582
Horsens,2004,68114
Horsens,2005,68775
Horsens,2006,69889
Horsens,2007,80102
Horsens,2008,81565
Horsens,2009,81957
Horsens,2010,82835
Horsens,2011,83598
Horsens,2012,84871
Horsens,2013,85662
Horsens,2014,86361
Horsens,2015,87736
Horsens,2016,89030
Horsens,2017,89598
Horsens,2018,90370
Horsens,2019,90966
Horsens,2020,92229
Horsens,2021,94443
Horsens,2022,96480
Horsens,2023,97392
Horsens,2024,97921
Horsens,2025,98806
Hvidovre,1992,48754
Hvidovre,1993,48735
Hvidovre,1994,48623
Hvidovre,1995,48675
Hvidovre,1996,48730
Hvidovre,1997,49087
Hvidovre,1998,48958
Hvidovre,1999,49171
Hvidovre,2000,49270
Hvidovre,2001,49454
Hvidovre,2002,49674
Hvidovre,2003,49829
Hvidovre,2004,49952
Hvidovre,2005,49863
Hvidovre,2006,49762
Hvidovre,2007,49380
Hvidovre,2008,49366
Hvidovre,2009,49724
Hvidovre,2010,50081
Hvidovre,2011,50600
Hvidovre,2012,51341
Hvidovre,2013,51842
Hvidovre,2014,52380
Hvidovre,2015,52831
Hvidovre,2016,52964
Hvidovre,2017,53282
Hvidovre,2018,53416
Hvidovre,2019,53527
Hvidovre,2020,53451
Hvidovre,2021,53267
Hvidovre,2022,53443
Hvidovre,2023,53760
Hvidovre,2024,53760
Hvidovre,2025,54228
Høje-Taastrup,1992,44746
Høje-Taastrup,1993,44975
Høje-Taastrup,1994,45307
Høje-Taastrup,1995,45325
Høje-Taastrup,1996,45341
Høje-Taastrup,1997,45424
Høje-Taastrup,1998,45522
Høje-Taastrup,1999,45910
Høje-Taastrup,2000,45948
Høje-Taastrup,2001,45892
Høje-Taastrup,2002,45947
Høje-Taastrup,2003,45754
Høje-Taastrup,2004,45556
Høje-Taastrup,2005,45553
Høje-Taastrup,2006,46257
Høje-Taastrup,2007,47158
Høje-Taastrup,2008,47400
Høje-Taastrup,2009,47664
Høje-Taastrup,2010,47753
Høje-Taastrup,2011,48081
Høje-Taastrup,2012,48471
Høje-Taastrup,2013,48807
Høje-Taastrup,2014,49230
Høje-Taastrup,2015,49960
Høje-Taastrup,2016,50246
Høje-Taastrup,2017,50596
Høje-Taastrup,2018,50686
Høje-Taastrup,2019,50759
Høje-Taastrup,2020,51729
Høje-Taastrup,2021,53053
Høje-Taastrup,2022,55258
Høje-Taastrup,2023,57540
Høje-Taastrup,2024,59059
Høje-Taastrup,2025,60458
Hørsholm,1992,23171
Hørsholm,1993,23101
Hørsholm,1994,23178
Hørsholm,1995,23377
Hørsholm,1996,23568
Hørsholm,1997,23485
Hørsholm,1998,23386
Hørsholm,1999,23469
Hørsholm,2000,23648
Hørsholm,2001,23689
Hørsholm,2002,24038
Hørsholm,2003,24208
Hørsholm,2004,24246
Hørsholm,2005,24292
Hørsholm,2006,24317
Hørsholm,2007,24197
Hørsholm,2008,24310
Hørsholm,2009,24378
Hørsholm,2010,24415
Hørsholm,2011,24365
Hørsholm,2012,24543
Hørsholm,2013,24709
Hørsholm,2014,24856
Hørsholm,2015,24965
Hørsholm,2016,24977
Hørsholm,2017,25028
Hørsholm,2018,25007
Hørsholm,2019,24864
Hørsholm,2020,24917
Hørsholm,2021,24761
Hørsholm,2022,24715
Hørsholm,2023,24811
Hørsholm,2024,25168
Hørsholm,2025,25354
Ikast-Brande,1992,37904
Ikast-Brande,1993,38047
Ikast-Brande,1994,38072
Ikast-Brande,1995,38205
Ikast-Brande,1996,38630
Ikast-Brande,1997,38699
Ikast-Brande,1998,38711
Ikast-Brande,1999,38787
Ikast-Brande,2000,38803
Ikast-Brande,2001,38754
Ikast-Brande,2002,38927
Ikast-Brande,2003,39149
Ikast-Brande,2004,39248
Ikast-Brande,2005,39371
Ikast-Brande,2006,39528
Ikast-Brande,2007,39893
Ikast-Brande,2008,40176
Ikast-Brande,2009,40312
Ikast-Brande,2010,40571
Ikast-Brande,2011,40658
Ikast-Brande,2012,40468
Ikast-Brande,2013,40602
Ikast-Brande,2014,40598
Ikast-Brande,2015,40798
Ikast-Brande,2016,40981
Ikast-Brande,2017,41191
Ikast-Brande,2018,41282
Ikast-Brande,2019,41369
Ikast-Brande,2020,41473
Ikast-Brande,2021,41885
Ikast-Brande,2022,42540
Ikast-Brande,2023,42737
Ikast-Brande,2024,43009
Ikast-Brande,2025,43305
Ishøj,1992,20735
Ishøj,1993,20920
Ishøj,1994,20920
Ishøj,1995,21077
Ishøj,1996,21052
Ishøj,1997,21041
Ishøj,1998,21200
Ishøj,1999,21031
Ishøj,2000,21023
Ishøj,2001,20943
Ishøj,2002,20987
Ishøj,2003,21023
Ishøj,2004,20750
Ishøj,2005,20668
Ishøj,2006,20820
Ishøj,2007,20687
Ishøj,2008,20756
Ishøj,2009,20606
Ishøj,2010,20797
Ishøj,2011,21087
Ishøj,2012,21131
Ishøj,2013,21547
Ishøj,2014,22025
Ishøj,2015,22358
Ishøj,2016,22719
Ishøj,2017,22988
Ishøj,2018,22946
Ishøj,2019,22989
Ishøj,2020,23131
Ishøj,2021,23225
Ishøj,2022,23457
Ishøj,2023,23663
Ishøj,2024,24365
Ishøj,2025,24685
Jammerbugt,1992,38191
Jammerbugt,1993,38148
Jammerbugt,1994,38117
Jammerbugt,1995,38029
Jammerbugt,1996,38230
Jammerbugt,1997,38322
Jammerbugt,1998,38463
Jammerbugt,1999,38605
Jammerbugt,2000,38772
Jammerbugt,2001,38896
Jammerbugt,2002,38888
Jammerbugt,2003,38980
Jammerbugt,2004,38965
Jammerbugt,2005,38884
Jammerbugt,2006,38704
Jammerbugt,2007,38957
Jammerbugt,2008,38990
Jammerbugt,2009,38927
Jammerbugt,2010,38733
Jammerbugt,2011,38611
Jammerbugt,2012,38597
Jammerbugt,2013,38351
Jammerbugt,2014,38293
Jammerbugt,2015,38466
Jammerbugt,2016,38581
Jammerbugt,2017,38638
Jammerbugt,2018,38460
Jammerbugt,2019,38324
Jammerbugt,2020,38175
Jammerbugt,2021,38187
Jammerbugt,2022,38364
Jammerbugt,2023,38234
Jammerbugt,2024,37954
Jammerbugt,2025,37998
Kalundborg,1992,46269
Kalundborg,1993,46237
Kalundborg,1994,46268
Kalundborg,1995,46477
Kalundborg,1996,46535
Kalundborg,1997,46525
Kalundborg,1998,46661
Kalundborg,1999,46959
Kalundborg,2000,47048
Kalundborg,2001,47183
Kalundborg,2002,47655
Kalundborg,2003,47974
Kalundborg,2004,48227
Kalundborg,2005,48697
Kalundborg,2006,48944
Kalundborg,2007,49743
Kalundborg,2008,49741
Kalundborg,2009,49265
Kalundborg,2010,49088
Kalundborg,2011,48632
Kalundborg,2012,48294
Kalundborg,2013,48358
Kalundborg,2014,48469
Kalundborg,2015,48660
Kalundborg,2016,48736
Kalundborg,2017,48982
Kalundborg,2018,48681
Kalundborg,2019,48436
Kalundborg,2020,48487
Kalundborg,2021,48368
Kalundborg,2022,48602
Kalundborg,2023,48309
Kalundborg,2024,48103
Kalundborg,2025,47954
Kerteminde,1992,22388
Kerteminde,1993,22354
Kerteminde,1994,22345
Kerteminde,1995,22322
Kerteminde,1996,22491
Kerteminde,1997,22477
Kerteminde,1998,22656
Kerteminde,1999,22886
Kerteminde,2000,22855
Kerteminde,2001,23000
Kerteminde,2002,23010
Kerteminde,2003,23026
Kerteminde,2004,23067
Kerteminde,2005,23071
Kerteminde,2006,23239
Kerteminde,2007,23630
Kerteminde,2008,23745
Kerteminde,2009,23770
Kerteminde,2010,23758
Kerteminde,2011,23793
Kerteminde,2012,23787
Kerteminde,2013,23665
Kerteminde,2014,23728
Kerteminde,2015,23880
Kerteminde,2016,23774
Kerteminde,2017,23756
Kerteminde,2018,23773
Kerteminde,2019,23812
Kerteminde,2020,23847
Kerteminde,2021,24034
Kerteminde,2022,23991
Kerteminde,2023,23894
Kerteminde,2024,23949
Kerteminde,2025,24299
Kolding,1992,78879
Kolding,1993,79270
Kolding,1994,79864
Kolding,1995,80545
Kolding,1996,81275
Kolding,1997,82169
Kolding,1998,82702
Kolding,1999,82997
Kolding,2000,83412
Kolding,2001,83887
Kolding,2002,84526
Kolding,2003,84970
Kolding,2004,85780
Kolding,2005,86102
Kolding,2006,86478
Kolding,2007,87781
Kolding,2008,88519
Kolding,2009,89071
Kolding,2010,89210
Kolding,2011,89412
Kolding,2012,89556
Kolding,2013,90066
Kolding,2014,90794
Kolding,2015,91695
Kolding,2016,92282
Kolding,2017,92515
Kolding,2018,92893
Kolding,2019,93175
Kolding,2020,93161
Kolding,2021,93544
Kolding,2022,94528
Kolding,2023,94932
Kolding,2024,95897
Kolding,2025,96214
København,1992,464566
København,1993,466129
København,1994,467253
København,1995,471300
København,1996,476751
København,1997,483658
København,1998,487969
København,1999,491082
København,2000,495699
København,2001,499148
København,2002,500531
København,2003,501285
København,2004,501664
København,2005,502362
København,2006,501158
København,2007,509861
København,2008,518574
København,2009,528208
København,2010,539542
København,2011,549050
København,2012,559440
København,2013,569557
København,2014,580184
København,2015,591481
København,2016,602481
København,2017,613288
København,2018,623404
København,2019,632340
København,2020,638117
København,2021,644431
København,2022,653664
København,2023,659350
København,2024,667099
København,2025,671714
Køge,1992,50505
Køge,1993,50885
Køge,1994,51047
Køge,1995,51316
Køge,1996,51654
Køge,1997,51812
Køge,1998,52022
Køge,1999,52154
Køge,2000,52370
Køge,2001,52663
Køge,2002,53168
Køge,2003,53685
Køge,2004,54150
Køge,2005,54926
Køge,2006,55718
Køge,2007,56637
Køge,2008,56848
Køge,2009,57125
Køge,2010,57271
Køge,2011,57307
Køge,2012,57771
Køge,2013,58374
Køge,2014,59285
Køge,2015,59868
Køge,2016,60109
Køge,2017,60356
Køge,2018,60675
Køge,2019,60979
Køge,2020,61475
Køge,2021,61718
Køge,2022,62458
Køge,2023,62848
Køge,2024,63335
Køge,2025,63962
Langeland,1992,15226
Langeland,1993,15169
Langeland,1994,15149
Langeland,1995,14995
Langeland,1996,15164
Langeland,1997,14938
Langeland,1998,14877
Langeland,1999,14750
Langeland,2000,14646
Langeland,2001,14563
Langeland,2002,14446
Langeland,2003,14386
Langeland,2004,14299
Langeland,2005,14223
Langeland,2006,14120
Langeland,2007,13741
Langeland,2008,13563
Langeland,2009,13510
Langeland,2010,13322
Langeland,2011,13094
Langeland,2012,12861
Langeland,2013,12695
Langeland,2014,12647
Langeland,2015,12547
Langeland,2016,12578
Langeland,2017,12641
Langeland,2018,12560
Langeland,2019,12491
Langeland,2020,12367
Langeland,2021,12316
Langeland,2022,12384
Langeland,2023,12260
Langeland,2024,11973
Langeland,2025,11841
Lejre,1992,23557
Lejre,1993,23703
Lejre,1994,23928
Lejre,1995,24008
Lejre,1996,24058
Lejre,1997,24183
Lejre,1998,24602
Lejre,1999,24740
Lejre,2000,24975
Lejre,2001,25147
Lejre,2002,25339
Lejre,2003,25637
Lejre,2004,25717
Lejre,2005,25971
Lejre,2006,26132
Lejre,2007,26603
Lejre,2008,26778
Lejre,2009,26794
Lejre,2010,26764
Lejre,2011,26887
Lejre,2012,26901
Lejre,2013,26989
Lejre,2014,27172
Lejre,2015,27317
Lejre,2016,27402
Lejre,2017,27544
Lejre,2018,27775
Lejre,2019,27996
Lejre,2020,28173
Lejre,2021,28623
Lejre,2022,28930
Lejre,2023,29347
Lejre,2024,29594
Lejre,2025,29879
Lemvig,1992,24155
Lemvig,1993,24216
Lemvig,1994,24210
Lemvig,1995,24104
Lemvig,1996,24123
Lemvig,1997,24014
Lemvig,1998,23930
Lemvig,1999,23933
Lemvig,2000,23863
Lemvig,2001,23751
Lemvig,2002,23443
Lemvig,2003,23312
Lemvig,2004,23121
Lemvig,2005,22760
Lemvig,2006,22483
Lemvig,2007,22067
Lemvig,2008,21946
Lemvig,2009,21790
Lemvig,2010,21554
Lemvig,2011,21384
Lemvig,2012,21223
Lemvig,2013,20933
Lemvig,2014,20657
Lemvig,2015,20399
Lemvig,2016,20291
Lemvig,2017,20133
Lemvig,2018,19998
Lemvig,2019,19722
Lemvig,2020,19607
Lemvig,2021,19398
Lemvig,2022,19371
Lemvig,2023,19110
Lemvig,2024,18800
Lemvig,2025,18596
Lolland,1992,52900
Lolland,1993,52653
Lolland,1994,52453
Lolland,1995,51989
Lolland,1996,51963
Lolland,1997,51999
Lolland,1998,51608
Lolland,1999,51318
Lolland,2000,51179
Lolland,2001,50937
Lolland,2002,50659
Lolland,2003,50285
Lolland,2004,49946
Lolland,2005,49469
Lolland,2006,48967
Lolland,2007,48219
Lolland,2008,47757
Lolland,2009,46984
Lolland,2010,46111
Lolland,2011,45241
Lolland,2012,44436
Lolland,2013,43528
Lolland,2014,43024
Lolland,2015,42638
Lolland,2016,42285
Lolland,2017,41982
Lolland,2018,41615
Lolland,2019,41105
Lolland,2020,40539
Lolland,2021,40107
Lolland,2022,39921
Lolland,2023,39632
Lolland,2024,39122
Lolland,2025,38533
Lyngby-Taarbæk,1992,49612
Lyngby-Taarbæk,1993,49334
Lyngby-Taarbæk,1994,49482
Lyngby-Taarbæk,1995,49578
Lyngby-Taarbæk,1996,49860
Lyngby-Taarbæk,1997,50317
Lyngby-Taarbæk,1998,50196
Lyngby-Taarbæk,1999,50474
Lyngby-Taarbæk,2000,50609
Lyngby-Taarbæk,2001,50853
Lyngby-Taarbæk,2002,51102
Lyngby-Taarbæk,2003,51344
Lyngby-Taarbæk,2004,51507
Lyngby-Taarbæk,2005,51611
Lyngby-Taarbæk,2006,51908
Lyngby-Taarbæk,2007,51449
Lyngby-Taarbæk,2008,51532
Lyngby-Taarbæk,2009,52237
Lyngby-Taarbæk,2010,52754
Lyngby-Taarbæk,2011,53251
Lyngby-Taarbæk,2012,53840
Lyngby-Taarbæk,2013,54237
Lyngby-Taarbæk,2014,54778
Lyngby-Taarbæk,2015,55097
Lyngby-Taarbæk,2016,55240
Lyngby-Taarbæk,2017,55472
Lyngby-Taarbæk,2018,55790
Lyngby-Taarbæk,2019,56214
Lyngby-Taarbæk,2020,56614
Lyngby-Taarbæk,2021,57826
Lyngby-Taarbæk,2022,58434
Lyngby-Taarbæk,2023,58538
Lyngby-Taarbæk,2024,58713
Lyngby-Taarbæk,2025,58614
Læsø,1992,2453
Læsø,1993,2453
Læsø,1994,2442
Læsø,1995,2388
Læsø,1996,2381
Læsø,1997,2362
Læsø,1998,2351
Læsø,1999,2282
Læsø,2000,2293
Læsø,2001,2266
Læsø,2002,2268
Læsø,2003,2228
Læsø,2004,2177
Læsø,2005,2145
Læsø,2006,2091
Læsø,2007,2003
Læsø,2008,1993
Læsø,2009,1969
Læsø,2010,1949
Læsø,2011,1897
Læsø,2012,1839
Læsø,2013,1808
Læsø,2014,1795
Læsø,2015,1817
Læsø,2016,1793
Læsø,2017,1807
Læsø,2018,1806
Læsø,2019,1786
Læsø,2020,1764
Læsø,2021,1769
Læsø,2022,1789
Læsø,2023,1759
Læsø,2024,1719
Læsø,2025,1683
Mariagerfjord,1992,54380
Mariagerfjord,1993,54535
Mariagerfjord,1994,54661
Mariagerfjord,1995,54739
Mariagerfjord,1996,55302
Mariagerfjord,1997,55580
Mariagerfjord,1998,55699
Mariagerfjord,1999,55752
Mariagerfjord,2000,55843
Mariagerfjord,2001,56008
Mariagerfjord,2002,56166
Mariagerfjord,2003,56315
Mariagerfjord,2004,56215
Mariagerfjord,2005,56245
Mariagerfjord,2006,56201
Mariagerfjord,2007,42667
Mariagerfjord,2008,42762
Mariagerfjord,2009,42604
Mariagerfjord,2010,42572
Mariagerfjord,2011,42429
Mariagerfjord,2012,42111
Mariagerfjord,2013,42093
Mariagerfjord,2014,42134
Mariagerfjord,2015,42131
Mariagerfjord,2016,42066
Mariagerfjord,2017,42125
Mariagerfjord,2018,42055
Mariagerfjord,2019,41800
Mariagerfjord,2020,41536
Mariagerfjord,2021,41662
Mariagerfjord,2022,41859
Mariagerfjord,2023,41762
Mariagerfjord,2024,41606
Mariagerfjord,2025,41541
Middelfart,1992,33704
Middelfart,1993,33679
Middelfart,1994,33722
Middelfart,1995,33935
Middelfart,1996,34097
Middelfart,1997,34351
Middelfart,1998,34616
Middelfart,1999,34805
Middelfart,2000,34974
Middelfart,2001,35167
Middelfart,2002,35370
Middelfart,2003,35587
Middelfart,2004,35759
Middelfart,2005,36113
Middelfart,2006,36417
Middelfart,2007,37274
Middelfart,2008,37625
Middelfart,2009,37661
Middelfart,2010,37701
Middelfart,2011,37612
Middelfart,2012,37523
Middelfart,2013,37685
Middelfart,2014,37857
Middelfart,2015,37913
Middelfart,2016,38093
Middelfart,2017,38210
Middelfart,2018,38553
Middelfart,2019,38853
Middelfart,2020,39116
Middelfart,2021,39603
Middelfart,2022,39961
Middelfart,2023,40158
Middelfart,2024,40318
Middelfart,2025,40625
Morsø,1992,23473
Morsø,1993,23361
Morsø,1994,23219
Morsø,1995,23142
Morsø,1996,23133
Morsø,1997,23028
Morsø,1998,23062
Morsø,1999,23034
Morsø,2000,22989
Morsø,2001,22806
Morsø,2002,22666
Morsø,2003,22672
Morsø,2004,22636
Morsø,2005,22479
Morsø,2006,22333
Morsø,2007,22091
Morsø,2008,22098
Morsø,2009,21833
Morsø,2010,21600
Morsø,2011,21474
Morsø,2012,21189
Morsø,2013,21003
Morsø,2014,20816
Morsø,2015,20629
Morsø,2016,20665
Morsø,2017,20514
Morsø,2018,20403
Morsø,2019,20247
Morsø,2020,20066
Morsø,2021,20068
Morsø,2022,19927
Morsø,2023,19734
Morsø,2024,19520
Morsø,2025,19344
Norddjurs,1992,34062
Norddjurs,1993,34140
Norddjurs,1994,34294
Norddjurs,1995,34386
Norddjurs,1996,34864
Norddjurs,1997,35076
Norddjurs,1998,35139
Norddjurs,1999,35115
Norddjurs,2000,35028
Norddjurs,2001,34861
Norddjurs,2002,34680
Norddjurs,2003,34481
Norddjurs,2004,34522
Norddjurs,2005,34382
Norddjurs,2006,34435
Norddjurs,2007,38581
Norddjurs,2008,38390
Norddjurs,2009,38148
Norddjurs,2010,38029
Norddjurs,2011,37876
Norddjurs,2012,38035
Norddjurs,2013,37925
Norddjurs,2014,37898
Norddjurs,2015,38144
Norddjurs,2016,38099
Norddjurs,2017,38197
Norddjurs,2018,37680
Norddjurs,2019,37089
Norddjurs,2020,36943
Norddjurs,2021,36921
Norddjurs,2022,36978
Norddjurs,2023,36773
Norddjurs,2024,36658
Norddjurs,2025,36477
Nordfyns,1992,27918
Nordfyns,1993,27950
Nordfyns,1994,27966
Nordfyns,1995,27854
Nordfyns,1996,28060
Nordfyns,1997,28230
Nordfyns,1998,28166
Nordfyns,1999,28213
Nordfyns,2000,28265
Nordfyns,2001,28448
Nordfyns,2002,28438
Nordfyns,2003,28422
Nordfyns,2004,28545
Nordfyns,2005,28655
Nordfyns,2006,28876
Nordfyns,2007,29470
Nordfyns,2008,29651
Nordfyns,2009,29638
Nordfyns,2010,29507
Nordfyns,2011,29330
Nordfyns,2012,29224
Nordfyns,2013,29066
Nordfyns,2014,29030
Nordfyns,2015,29298
Nordfyns,2016,29446
Nordfyns,2017,29516
Nordfyns,2018,29693
Nordfyns,2019,29665
Nordfyns,2020,29549
Nordfyns,2021,29714
Nordfyns,2022,29726
Nordfyns,2023,29610
Nordfyns,2024,29342
Nordfyns,2025,29179
Nyborg,1992,29645
Nyborg,1993,29798
Nyborg,1994,29734
Nyborg,1995,29799
Nyborg,1996,30302
Nyborg,1997,30367
Nyborg,1998,30411
Nyborg,1999,30421
Nyborg,2000,30361
Nyborg,2001,30343
Nyborg,2002,30522
Nyborg,2003,30530
Nyborg,2004,30778
Nyborg,2005,31009
Nyborg,2006,31208
Nyborg,2007,31607
Nyborg,2008,31714
Nyborg,2009,31690
Nyborg,2010,31499
Nyborg,2011,31486
Nyborg,2012,31350
Nyborg,2013,31314
Nyborg,2014,31573
Nyborg,2015,31886
Nyborg,2016,32142
Nyborg,2017,32032
Nyborg,2018,32042
Nyborg,2019,32009
Nyborg,2020,31933
Nyborg,2021,32098
Nyborg,2022,32262
Nyborg,2023,32193
Nyborg,2024,32329
Nyborg,2025,32401
Næstved,1992,73311
Næstved,1993,73546
Næstved,1994,73668
Næstved,1995,73784
Næstved,1996,74096
Næstved,1997,74368
Næstved,1998,74704
Næstved,1999,75072
Næstved,2000,75337
Næstved,2001,75769
Næstved,2002,76226
Næstved,2003,76737
Næstved,2004,77529
Næstved,2005,78446
Næstved,2006,79284
Næstved,2007,80732
Næstved,2008,80954
Næstved,2009,81112
Næstved,2010,80963
Næstved,2011,81012
Næstved,2012,81163
Næstved,2013,81432
Næstved,2014,81687
Næstved,2015,82342
Næstved,2016,82581
Næstved,2017,82938
Næstved,2018,82991
Næstved,2019,83143
Næstved,2020,83181
Næstved,2021,83801
Næstved,2022,84574
Næstved,2023,84747
Næstved,2024,84895
Næstved,2025,85163
Odder,1992,19031
Odder,1993,18999
Odder,1994,19005
Odder,1995,19251
Odder,1996,19469
Odder,1997,19547
Odder,1998,19750
Odder,1999,19768
Odder,2000,19901
Odder,2001,20156
Odder,2002,20396
Odder,2003,20728
Odder,2004,20863
Odder,2005,21133
Odder,2006,21332
Odder,2007,21562
Odder,2008,21593
Odder,2009,21721
Odder,2010,21852
Odder,2011,21749
Odder,2012,21800
Odder,2013,21773
Odder,2014,21928
Odder,2015,22131
Odder,2016,22331
Odder,2017,22626
Odder,2018,22675
Odder,2019,22844
Odder,2020,22979
Odder,2021,23304
Odder,2022,23626
Odder,2023,23896
Odder,2024,24083
Odder,2025,24310
Odense,1992,179487
Odense,1993,180799
Odense,1994,181824
Odense,1995,182617
Odense,1996,183564
Odense,1997,184146
Odense,1998,184224
Odense,1999,183584
Odense,2000,183912
Odense,2001,183691
Odense,2002,183628
Odense,2003,184308
Odense,2004,185206
Odense,2005,185871
Odense,2006,186595
Odense,2007,186932
Odense,2008,187929
Odense,2009,188777
Odense,2010,190245
Odense,2011,191610
Odense,2012,193370
Odense,2013,195797
Odense,2014,197480
Odense,2015,198972
Odense,2016,200563
Odense,2017,202348
Odense,2018,204182
Odense,2019,204895
Odense,2020,205509
Odense,2021,205978
Odense,2022,207762
Odense,2023,209078
Odense,2024,210803
Odense,2025,213168
Odsherred,1992,30294
Odsherred,1993,30532
Odsherred,1994,30731
Odsherred,1995,30963
Odsherred,1996,31193
Odsherred,1997,31405
Odsherred,1998,31553
Odsherred,1999,31731
Odsherred,2000,32011
Odsherred,2001,32188
Odsherred,2002,32329
Odsherred,2003,32452
Odsherred,2004,32489
Odsherred,2005,32739
Odsherred,2006,32890
Odsherred,2007,33129
Odsherred,2008,33159
Odsherred,2009,33030
Odsherred,2010,32845
Odsherred,2011,32640
Odsherred,2012,32452
Odsherred,2013,32534
Odsherred,2014,32665
Odsherred,2015,32816
Odsherred,2016,33023
Odsherred,2017,33083
Odsherred,2018,33122
Odsherred,2019,32957
Odsherred,2020,32923
Odsherred,2021,32881
Odsherred,2022,32977
Odsherred,2023,32605
Odsherred,2024,32225
Odsherred,2025,31988
Randers,1992,95037
Randers,1993,94858
Randers,1994,94853
Randers,1995,94795
Randers,1996,95573
Randers,1997,95897
Randers,1998,95869
Randers,1999,95804
Randers,2000,95724
Randers,2001,95936
Randers,2002,96064
Randers,2003,96118
Randers,2004,96079
Randers,2005,96409
Randers,2006,96999
Randers,2007,93644
Randers,2008,94221
Randers,2009,94750
Randers,2010,95318
Randers,2011,95756
Randers,2012,96007
Randers,2013,96343
Randers,2014,96800
Randers,2015,97520
Randers,2016,98118
Randers,2017,98265
Randers,2018,97909
Randers,2019,97805
Randers,2020,98190
Randers,2021,98988
Randers,2022,99931
Randers,2023,99974
Randers,2024,100356
Randers,2025,100564
Rebild,1992,21681
Rebild,1993,21743
Rebild,1994,21671
Rebild,1995,21591
Rebild,1996,21836
Rebild,1997,21835
Rebild,1998,21987
Rebild,1999,22090
Rebild,2000,22203
Rebild,2001,22319
Rebild,2002,22503
Rebild,2003,22621
Rebild,2004,22701
Rebild,2005,22892
Rebild,2006,22882
Rebild,2007,28753
Rebild,2008,28900
Rebild,2009,28852
Rebild,2010,28940
Rebild,2011,28911
Rebild,2012,28866
Rebild,2013,28794
Rebild,2014,28859
Rebild,2015,29149
Rebild,2016,29391
Rebild,2017,29827
Rebild,2018,29916
Rebild,2019,30113
Rebild,2020,30518
Rebild,2021,30646
Rebild,2022,30908
Rebild,2023,30937
Rebild,2024,30942
Rebild,2025,31280
Ringkøbing-Skjern,1992,56563
Ringkøbing-Skjern,1993,56638
Ringkøbing-Skjern,1994,56750
Ringkøbing-Skjern,1995,56965
Ringkøbing-Skjern,1996,57476
Ringkøbing-Skjern,1997,57302
Ringkøbing-Skjern,1998,57306
Ringkøbing-Skjern,1999,57382
Ringkøbing-Skjern,2000,57392
Ringkøbing-Skjern,2001,57668
Ringkøbing-Skjern,2002,57865
Ringkøbing-Skjern,2003,58085
Ringkøbing-Skjern,2004,57877
Ringkøbing-Skjern,2005,57818
Ringkøbing-Skjern,2006,57774
Ringkøbing-Skjern,2007,58368
Ringkøbing-Skjern,2008,58803
Ringkøbing-Skjern,2009,58439
Ringkøbing-Skjern,2010,58068
Ringkøbing-Skjern,2011,57892
Ringkøbing-Skjern,2012,57529
Ringkøbing-Skjern,2013,57093
Ringkøbing-Skjern,2014,57042
Ringkøbing-Skjern,2015,57139
Ringkøbing-Skjern,2016,57022
Ringkøbing-Skjern,2017,57005
Ringkøbing-Skjern,2018,56930
Ringkøbing-Skjern,2019,56594
Ringkøbing-Skjern,2020,56182
Ringkøbing-Skjern,2021,56203
Ringkøbing-Skjern,2022,56348
Ringkøbing-Skjern,2023,56218
Ringkøbing-Skjern,2024,55582
Ringkøbing-Skjern,2025,55405
Ringsted,1992,28648
Ringsted,1993,28723
Ringsted,1994,28891
Ringsted,1995,28914
Ringsted,1996,29067
Ringsted,1997,29030
Ringsted,1998,29243
Ringsted,1999,29454
Ringsted,2000,29547
Ringsted,2001,29769
Ringsted,2002,30018
Ringsted,2003,30110
Ringsted,2004,30418
Ringsted,2005,30830
Ringsted,2006,31094
Ringsted,2007,32092
Ringsted,2008,32442
Ringsted,2009,32584
Ringsted,2010,32890
Ringsted,2011,33153
Ringsted,2012,33217
Ringsted,2013,33349
Ringsted,2014,33573
Ringsted,2015,34031
Ringsted,2016,34259
Ringsted,2017,34473
Ringsted,2018,34725
Ringsted,2019,34852
Ringsted,2020,34847
Ringsted,2021,35141
Ringsted,2022,35906
Ringsted,2023,36356
Ringsted,2024,36286
Ringsted,2025,36010
Roskilde,1992,71742
Roskilde,1993,72419
Roskilde,1994,72675
Roskilde,1995,73143
Roskilde,1996,73785
Roskilde,1997,74213
Roskilde,1998,74649
Roskilde,1999,75541
Roskilde,2000,76321
Roskilde,2001,77092
Roskilde,2002,77583
Roskilde,2003,78045
Roskilde,2004,78640
Roskilde,2005,79441
Roskilde,2006,80455
Roskilde,2007,80687
Roskilde,2008,81285
Roskilde,2009,81947
Roskilde,2010,82542
Roskilde,2011,83137
Roskilde,2012,83554
Roskilde,2013,84219
Roskilde,2014,85026
Roskilde,2015,86207
Roskilde,2016,87015
Roskilde,2017,87382
Roskilde,2018,87577
Roskilde,2019,87914
Roskilde,2020,88889
Roskilde,2021,89447
Roskilde,2022,90446
Roskilde,2023,90931
Roskilde,2024,91623
Roskilde,2025,92697
Rudersdal,1992,51250
Rudersdal,1993,50988
Rudersdal,1994,51093
Rudersdal,1995,51296
Rudersdal,1996,51788
Rudersdal,1997,52340
Rudersdal,1998,52468
Rudersdal,1999,52489
Rudersdal,2000,52548
Rudersdal,2001,52702
Rudersdal,2002,53029
Rudersdal,2003,53190
Rudersdal,2004,53348
Rudersdal,2005,53621
Rudersdal,2006,54241
Rudersdal,2007,53869
Rudersdal,2008,53915
Rudersdal,2009,54444
Rudersdal,2010,54765
Rudersdal,2011,54630
Rudersdal,2012,54827
Rudersdal,2013,55034
Rudersdal,2014,55441
Rudersdal,2015,55739
Rudersdal,2016,56133
Rudersdal,2017,55989
Rudersdal,2018,56509
Rudersdal,2019,56728
Rudersdal,2020,57024
Rudersdal,2021,57247
Rudersdal,2022,57193
Rudersdal,2023,57237
Rudersdal,2024,57342
Rudersdal,2025,57912
Rødovre,1992,35336
Rødovre,1993,35478
Rødovre,1994,35421
Rødovre,1995,35490
Rødovre,1996,35607
Rødovre,1997,35549
Rødovre,1998,35839
Rødovre,1999,36004
Rødovre,2000,36317
Rødovre,2001,36561
Rødovre,2002,36591
Rødovre,2003,36619
Rødovre,2004,36391
Rødovre,2005,36312
Rødovre,2006,36506
Rødovre,2007,36144
Rødovre,2008,36228
Rødovre,2009,36233
Rødovre,2010,36524
Rødovre,2011,36883
Rødovre,2012,37351
Rødovre,2013,37552
Rødovre,2014,37743
Rødovre,2015,38002
Rødovre,2016,38492
Rødovre,2017,39343
Rødovre,2018,40052
Rødovre,2019,40652
Rødovre,2020,41113
Rødovre,2021,41382
Rødovre,2022,42563
Rødovre,2023,44328
Rødovre,2024,44734
Rødovre,2025,45138
Samsø,1992,4345
Samsø,1993,4366
Samsø,1994,4345
Samsø,1995,4323
Samsø,1996,4357
Samsø,1997,4331
Samsø,1998,4325
Samsø,1999,4318
Samsø,2000,4233
Samsø,2001,4266
Samsø,2002,4251
Samsø,2003,4221
Samsø,2004,4197
Samsø,2005,4125
Samsø,2006,4124
Samsø,2007,4085
Samsø,2008,4003
Samsø,2009,4010
Samsø,2010,3885
Samsø,2011,3889
Samsø,2012,3806
Samsø,2013,3767
Samsø,2014,3733
Samsø,2015,3710
Samsø,2016,3724
Samsø,2017,3720
Samsø,2018,3684
Samsø,2019,3657
Samsø,2020,3682
Samsø,2021,3716
Samsø,2022,3775
Samsø,2023,3694
Samsø,2024,3656
Samsø,2025,3617
Silkeborg,1992,76088
Silkeborg,1993,76677
Silkeborg,1994,77072
Silkeborg,1995,77891
Silkeborg,1996,78753
Silkeborg,1997,79061
Silkeborg,1998,79849
Silkeborg,1999,80219
Silkeborg,2000,80570
Silkeborg,2001,81199
Silkeborg,2002,81772
Silkeborg,2003,82601
Silkeborg,2004,83390
Silkeborg,2005,84167
Silkeborg,2006,85376
Silkeborg,2007,87371
Silkeborg,2008,88016
Silkeborg,2009,88481
Silkeborg,2010,88913
Silkeborg,2011,89328
Silkeborg,2012,89346
Silkeborg,2013,89633
Silkeborg,2014,90016
Silkeborg,2015,90719
Silkeborg,2016,91237
Silkeborg,2017,92024
Silkeborg,2018,93054
Silkeborg,2019,94026
Silkeborg,2020,95488
Silkeborg,2021,97358
Silkeborg,2022,99400
Silkeborg,2023,100747
Silkeborg,2024,101574
Silkeborg,2025,102753
Skanderborg,1992,55043
Skanderborg,1993,55404
Skanderborg,1994,55654
Skanderborg,1995,55845
Skanderborg,1996,56392
Skanderborg,1997,56931
Skanderborg,1998,57430
Skanderborg,1999,58063
Skanderborg,2000,58717
Skanderborg,2001,59316
Skanderborg,2002,59781
Skanderborg,2003,60413
Skanderborg,2004,61035
Skanderborg,2005,61990
Skanderborg,2006,62652
Skanderborg,2007,56044
Skanderborg,2008,56636
Skanderborg,2009,57303
Skanderborg,2010,57717
Skanderborg,2011,58008
Skanderborg,2012,58094
Skanderborg,2013,58176
Skanderborg,2014,58782
Skanderborg,2015,59481
Skanderborg,2016,60401
Skanderborg,2017,61158
Skanderborg,2018,61974
Skanderborg,2019,62678
Skanderborg,2020,63390
Skanderborg,2021,64318
Skanderborg,2022,65138
Skanderborg,2023,65205
Skanderborg,2024,65760
Skanderborg,2025,66352
Skive,1992,48039
Skive,1993,48079
Skive,1994,48083
Skive,1995,48231
Skive,1996,48498
Skive,1997,48565
Skive,1998,48622
Skive,1999,48714
Skive,2000,48731
Skive,2001,48901
Skive,2002,48899
Skive,2003,48770
Skive,2004,48675
Skive,2005,48368
Skive,2006,48264
Skive,2007,48356
Skive,2008,48300
Skive,2009,48137
Skive,2010,47986
Skive,2011,47620
Skive,2012,47291
Skive,2013,46942
Skive,2014,46641
Skive,2015,46639
Skive,2016,46540
Skive,2017,46599
Skive,2018,46224
Skive,2019,45851
Skive,2020,45425
Skive,2021,45078
Skive,2022,45069
Skive,2023,44739
Skive,2024,44328
Skive,2025,44104
Slagelse,1992,72193
Slagelse,1993,72488
Slagelse,1994,72772
Slagelse,1995,72721
Slagelse,1996,72991
Slagelse,1997,73748
Slagelse,1998,74033
Slagelse,1999,74279
Slagelse,2000,74601
Slagelse,2001,75088
Slagelse,2002,75218
Slagelse,2003,75728
Slagelse,2004,75962
Slagelse,2005,76185
Slagelse,2006,76519
Slagelse,2007,77457
Slagelse,2008,77457
Slagelse,2009,77475
Slagelse,2010,77442
Slagelse,2011,77310
Slagelse,2012,77167
Slagelse,2013,76948
Slagelse,2014,77293
Slagelse,2015,78140
Slagelse,2016,78828
Slagelse,2017,78968
Slagelse,2018,79073
Slagelse,2019,79073
Slagelse,2020,79122
Slagelse,2021,79691
Slagelse,2022,79728
Slagelse,2023,79923
Slagelse,2024,80481
Slagelse,2025,80959
Solrød,1992,19060
Solrød,1993,19117
Solrød,1994,19193
Solrød,1995,19343
Solrød,1996,19458
Solrød,1997,19541
Solrød,1998,19703
Solrød,1999,19816
Solrød,2000,19998
Solrød,2001,20134
Solrød,2002,20165
Solrød,2003,20297
Solrød,2004,20339
Solrød,2005,20703
Solrød,2006,20877
Solrød,2007,20759
Solrød,2008,20743
Solrød,2009,20882
Solrød,2010,20964
Solrød,2011,21156
Solrød,2012,21145
Solrød,2013,21339
Solrød,2014,21552
Solrød,2015,21788
Solrød,2016,22147
Solrød,2017,22518
Solrød,2018,23065
Solrød,2019,23255
Solrød,2020,23441
Solrød,2021,23794
Solrød,2022,24216
Solrød,2023,24579
Solrød,2024,24732
Solrød,2025,25040
Sorø,1992,26463
Sorø,1993,26583
Sorø,1994,26648
Sorø,1995,26804
Sorø,1996,27031
Sorø,1997,27015
Sorø,1998,27087
Sorø,1999,27194
Sorø,2000,27332
Sorø,2001,27503
Sorø,2002,27738
Sorø,2003,28067
Sorø,2004,28193
Sorø,2005,28336
Sorø,2006,28686
Sorø,2007,29180
Sorø,2008,29458
Sorø,2009,29522
Sorø,2010,29499
Sorø,2011,29393
Sorø,2012,29288
Sorø,2013,29299
Sorø,2014,29331
Sorø,2015,29543
Sorø,2016,29595
Sorø,2017,29669
Sorø,2018,29834
Sorø,2019,29881
Sorø,2020,29993
Sorø,2021,30018
Sorø,2022,30444
Sorø,2023,30478
Sorø,2024,30641
Sorø,2025,30853
Stevns,1992,20108
Stevns,1993,20053
Stevns,1994,20185
Stevns,1995,20336
Stevns,1996,20554
Stevns,1997,20677
Stevns,1998,20734
Stevns,1999,20970
Stevns,2000,21167
Stevns,2001,21317
Stevns,2002,21492
Stevns,2003,21609
Stevns,2004,21652
Stevns,2005,21776
Stevns,2006,21834
Stevns,2007,21892
Stevns,2008,21948
Stevns,2009,21931
Stevns,2010,21855
Stevns,2011,21855
Stevns,2012,21818
Stevns,2013,21825
Stevns,2014,22038
Stevns,2015,22260
Stevns,2016,22492
Stevns,2017,22727
Stevns,2018,22782
Stevns,2019,22805
Stevns,2020,23034
Stevns,2021,23473
Stevns,2022,23692
Stevns,2023,23649
Stevns,2024,23612
Stevns,2025,23842
Struer,1992,22993
Struer,1993,23002
Struer,1994,23016
Struer,1995,22968
Struer,1996,22945
Struer,1997,22843
Struer,1998,22830
Struer,1999,22864
Struer,2000,22920
Struer,2001,22855
Struer,2002,22996
Struer,2003,22962
Struer,2004,22927
Struer,2005,22752
Struer,2006,22695
Struer,2007,22672
Struer,2008,22642
Struer,2009,22483
Struer,2010,22190
Struer,2011,22098
Struer,2012,21846
Struer,2013,21533
Struer,2014,21439
Struer,2015,21474
Struer,2016,21347
Struer,2017,21270
Struer,2018,21143
Struer,2019,21036
Struer,2020,20808
Struer,2021,20802
Struer,2022,20794
Struer,2023,20594
Struer,2024,20229
Struer,2025,20122
Svendborg,1992,56466
Svendborg,1993,56911
Svendborg,1994,57173
Svendborg,1995,57394
Svendborg,1996,57729
Svendborg,1997,57858
Svendborg,1998,57946
Svendborg,1999,57985
Svendborg,2000,57928
Svendborg,2001,57808
Svendborg,2002,57931
Svendborg,2003,58145
Svendborg,2004,58301
Svendborg,2005,58354
Svendborg,2006,58506
Svendborg,2007,59040
Svendborg,2008,59185
Svendborg,2009,58998
Svendborg,2010,58713
Svendborg,2011,58551
Svendborg,2012,58296
Svendborg,2013,57979
Svendborg,2014,57988
Svendborg,2015,58228
Svendborg,2016,58510
Svendborg,2017,58698
Svendborg,2018,58599
Svendborg,2019,58296
Svendborg,2020,58588
Svendborg,2021,59193
Svendborg,2022,59735
Svendborg,2023,59727
Svendborg,2024,60001
Svendborg,2025,60027
Syddjurs,1992,36559
Syddjurs,1993,36716
Syddjurs,1994,36946
Syddjurs,1995,37360
Syddjurs,1996,37992
Syddjurs,1997,38136
Syddjurs,1998,38531
Syddjurs,1999,38853
Syddjurs,2000,39044
Syddjurs,2001,39089
Syddjurs,2002,39358
Syddjurs,2003,39602
Syddjurs,2004,39935
Syddjurs,2005,40196
Syddjurs,2006,40430
Syddjurs,2007,41281
Syddjurs,2008,41314
Syddjurs,2009,41392
Syddjurs,2010,41734
Syddjurs,2011,41815
Syddjurs,2012,41894
Syddjurs,2013,41719
Syddjurs,2014,41652
Syddjurs,2015,41889
Syddjurs,2016,42021
Syddjurs,2017,42468
Syddjurs,2018,42768
Syddjurs,2019,42962
Syddjurs,2020,43168
Syddjurs,2021,43596
Syddjurs,2022,44207
Syddjurs,2023,44076
Syddjurs,2024,44101
Syddjurs,2025,44394
Sønderborg,1992,74394
Sønderborg,1993,74711
Sønderborg,1994,74734
Sønderborg,1995,75039
Sønderborg,1996,75007
Sønderborg,1997,75128
Sønderborg,1998,75290
Sønderborg,1999,75590
Sønderborg,2000,75519
Sønderborg,2001,75474
Sønderborg,2002,75667
Sønderborg,2003,76003
Sønderborg,2004,76236
Sønderborg,2005,76459
Sønderborg,2006,76598
Sønderborg,2007,76913
Sønderborg,2008,76793
Sønderborg,2009,76439
Sønderborg,2010,76193
Sønderborg,2011,76094
Sønderborg,2012,75732
Sønderborg,2013,75264
Sønderborg,2014,74937
Sønderborg,2015,74737
Sønderborg,2016,74801
Sønderborg,2017,74650
Sønderborg,2018,74561
Sønderborg,2019,74220
Sønderborg,2020,73831
Sønderborg,2021,73711
Sønderborg,2022,74380
Sønderborg,2023,74233
Sønderborg,2024,74096
Sønderborg,2025,74123
Thisted,1992,47628
Thisted,1993,47510
Thisted,1994,47506
Thisted,1995,47416
Thisted,1996,47660
Thisted,1997,47415
Thisted,1998,47354
Thisted,1999,47270
Thisted,2000,47108
Thisted,2001,46908
Thisted,2002,46790
Thisted,2003,46699
Thisted,2004,46581
Thisted,2005,46158
Thisted,2006,45910
Thisted,2007,45549
Thisted,2008,45596
Thisted,2009,45297
Thisted,2010,45145
Thisted,2011,44908
Thisted,2012,44494
Thisted,2013,44230
Thisted,2014,44078
Thisted,2015,43991
Thisted,2016,43826
Thisted,2017,43716
Thisted,2018,43660
Thisted,2019,43423
Thisted,2020,43160
Thisted,2021,43089
Thisted,2022,43383
Thisted,2023,42989
Thisted,2024,42698
Thisted,2025,42572
Tårnby,1992,39772
Tårnby,1993,39593
Tårnby,1994,39485
Tårnby,1995,39291
Tårnby,1996,39172
Tårnby,1997,38986
Tårnby,1998,39030
Tårnby,1999,39304
Tårnby,2000,39402
Tårnby,2001,39507
Tårnby,2002,39522
Tårnby,2003,39466
Tårnby,2004,39535
Tårnby,2005,39582
Tårnby,2006,39708
Tårnby,2007,40016
Tårnby,2008,40214
Tårnby,2009,40383
Tårnby,2010,40835
Tårnby,2011,41151
Tårnby,2012,41572
Tårnby,2013,41992
Tårnby,2014,42573
Tårnby,2015,42860
Tårnby,2016,43010
Tårnby,2017,43063
Tårnby,2018,42984
Tårnby,2019,42989
Tårnby,2020,42670
Tårnby,2021,42723
Tårnby,2022,43042
Tårnby,2023,43915
Tårnby,2024,44034
Tårnby,2025,44214
Tønder,1992,44097
Tønder,1993,44250
Tønder,1994,44141
Tønder,1995,44048
Tønder,1996,44343
Tønder,1997,44206
Tønder,1998,44165
Tønder,1999,44153
Tønder,2000,43900
Tønder,2001,43840
Tønder,2002,43658
Tønder,2003,43341
Tønder,2004,42961
Tønder,2005,42645
Tønder,2006,42183
Tønder,2007,40367
Tønder,2008,40216
Tønder,2009,39710
Tønder,2010,39464
Tønder,2011,39083
Tønder,2012,38686
Tønder,2013,38316
Tønder,2014,38010
Tønder,2015,37904
Tønder,2016,37928
Tønder,2017,37777
Tønder,2018,37587
Tønder,2019,37366
Tønder,2020,37050
Tønder,2021,36849
Tønder,2022,36878
Tønder,2023,36651
Tønder,2024,36399
Tønder,2025,36174
Vallensbæk,1992,11871
Vallensbæk,1993,12043
Vallensbæk,1994,12092
Vallensbæk,1995,12081
Vallensbæk,1996,12060
Vallensbæk,1997,12012
Vallensbæk,1998,11981
Vallensbæk,1999,11949
Vallensbæk,2000,12047
Vallensbæk,2001,12163
Vallensbæk,2002,12177
Vallensbæk,2003,12332
Vallensbæk,2004,12382
Vallensbæk,2005,12260
Vallensbæk,2006,12230
Vallensbæk,2007,12399
Vallensbæk,2008,13365
Vallensbæk,2009,14045
Vallensbæk,2010,14445
Vallensbæk,2011,14565
Vallensbæk,2012,14797
Vallensbæk,2013,15095
Vallensbæk,2014,15204
Vallensbæk,2015,15419
Vallensbæk,2016,15705
Vallensbæk,2017,16280
Vallensbæk,2018,16654
Vallensbæk,2019,16633
Vallensbæk,2020,16515
Vallensbæk,2021,16488
Vallensbæk,2022,17031
Vallensbæk,2023,17800
Vallensbæk,2024,18322
Vallensbæk,2025,18689
Varde,1992,49286
Varde,1993,49440
Varde,1994,49421
Varde,1995,49633
Varde,1996,49921
Varde,1997,50011
Varde,1998,50061
Varde,1999,50351
Varde,2000,50469
Varde,2001,50802
Varde,2002,50883
Varde,2003,50777
Varde,2004,50710
Varde,2005,50695
Varde,2006,50674
Varde,2007,50125
Varde,2008,50475
Varde,2009,50378
Varde,2010,50351
Varde,2011,50193
Varde,2012,49969
Varde,2013,49958
Varde,2014,50122
Varde,2015,50289
Varde,2016,50452
Varde,2017,50301
Varde,2018,50129
Varde,2019,49961
Varde,2020,49628
Varde,2021,49664
Varde,2022,49995
Varde,2023,49798
Varde,2024,49410
Varde,2025,49468
Vejen,1992,40069
Vejen,1993,40117
Vejen,1994,40207
Vejen,1995,40226
Vejen,1996,40602
Vejen,1997,40794
Vejen,1998,40863
Vejen,1999,40948
Vejen,2000,40985
Vejen,2001,40867
Vejen,2002,41061
Vejen,2003,41139
Vejen,2004,41272
Vejen,2005,41350
Vejen,2006,41551
Vejen,2007,42447
Vejen,2008,42807
Vejen,2009,42768
Vejen,2010,42683
Vejen,2011,42785
Vejen,2012,42700
Vejen,2013,42667
Vejen,2014,42601
Vejen,2015,42869
Vejen,2016,42822
Vejen,2017,42844
Vejen,2018,42863
Vejen,2019,42742
Vejen,2020,42790
Vejen,2021,42596
Vejen,2022,42924
Vejen,2023,42800
Vejen,2024,42702
Vejen,2025,42641
Vejle,1992,95043
Vejle,1993,95667
Vejle,1994,96056
Vejle,1995,96399
Vejle,1996,97479
Vejle,1997,98151
Vejle,1998,98757
Vejle,1999,99299
Vejle,2000,99658
Vejle,2001,100454
Vejle,2002,101129
Vejle,2003,101671
Vejle,2004,102099
Vejle,2005,102671
Vejle,2006,103243
Vejle,2007,104933
Vejle,2008,105884
Vejle,2009,106383
Vejle,2010,107218
Vejle,2011,108021
Vejle,2012,108826
Vejle,2013,109652
Vejle,2014,110471
Vejle,2015,111743
Vejle,2016,113243
Vejle,2017,114140
Vejle,2018,114830
Vejle,2019,115748
Vejle,2020,116992
Vejle,2021,119060
Vejle,2022,120949
Vejle,2023,121696
Vejle,2024,122433
Vejle,2025,123250
Vesthimmerlands,1992,31015
Vesthimmerlands,1993,31179
Vesthimmerlands,1994,31230
Vesthimmerlands,1995,31278
Vesthimmerlands,1996,31499
Vesthimmerlands,1997,31656
Vesthimmerlands,1998,31860
Vesthimmerlands,1999,31992
Vesthimmerlands,2000,32029
Vesthimmerlands,2001,32016
Vesthimmerlands,2002,31957
Vesthimmerlands,2003,31897
Vesthimmerlands,2004,31785
Vesthimmerlands,2005,31545
Vesthimmerlands,2006,31600
Vesthimmerlands,2007,38277
Vesthimmerlands,2008,38495
Vesthimmerlands,2009,38106
Vesthimmerlands,2010,37864
Vesthimmerlands,2011,37534
Vesthimmerlands,2012,37586
Vesthimmerlands,2013,37479
Vesthimmerlands,2014,37399
Vesthimmerlands,2015,37296
Vesthimmerlands,2016,37285
Vesthimmerlands,2017,37277
Vesthimmerlands,2018,37121
Vesthimmerlands,2019,36727
Vesthimmerlands,2020,36362
Vesthimmerlands,2021,36326
Vesthimmerlands,2022,36431
Vesthimmerlands,2023,36012
Vesthimmerlands,2024,35818
Vesthimmerlands,2025,35632
Viborg,1992,83171
Viborg,1993,83509
Viborg,1994,83943
Viborg,1995,84528
Viborg,1996,85291
Viborg,1997,85847
Viborg,1998,86128
Viborg,1999,86304
Viborg,2000,86720
Viborg,2001,87048
Viborg,2002,87621
Viborg,2003,88039
Viborg,2004,88354
Viborg,2005,88945
Viborg,2006,89838
Viborg,2007,92084
Viborg,2008,92823
Viborg,2009,93310
Viborg,2010,93498
Viborg,2011,93819
Viborg,2012,94333
Viborg,2013,94486
Viborg,2014,94985
Viborg,2015,95776
Viborg,2016,96477
Viborg,2017,96883
Viborg,2018,97113
Viborg,2019,96921
Viborg,2020,96679
Viborg,2021,96847
Viborg,2022,97731
Viborg,2023,97472
Viborg,2024,97621
Viborg,2025,97874
Vordingborg,1992,44497
Vordingborg,1993,44741
Vordingborg,1994,44816
Vordingborg,1995,44617
Vordingborg,1996,44920
Vordingborg,1997,44970
Vordingborg,1998,45259
Vordingborg,1999,45211
Vordingborg,2000,45376
Vordingborg,2001,45565
Vordingborg,2002,45760
Vordingborg,2003,45983
Vordingborg,2004,46192
Vordingborg,2005,46307
Vordingborg,2006,46410
Vordingborg,2007,46600
Vordingborg,2008,46551
Vordingborg,2009,46319
Vordingborg,2010,46170
Vordingborg,2011,45804
Vordingborg,2012,45465
Vordingborg,2013,45295
Vordingborg,2014,45471
Vordingborg,2015,45806
Vordingborg,2016,46037
Vordingborg,2017,46087
Vordingborg,2018,45816
Vordingborg,2019,45566
Vordingborg,2020,45268
Vordingborg,2021,45352
Vordingborg,2022,45441
Vordingborg,2023,45751
Vordingborg,2024,45057
Vordingborg,2025,44831
Ærø,1992,7754
Ærø,1993,7679
Ærø,1994,7641
Ærø,1995,7648
Ærø,1996,7704
Ærø,1997,7606
Ærø,1998,7503
Ærø,1999,7481
Ærø,2000,7401
Ærø,2001,7315
Ærø,2002,7200
Ærø,2003,7058
Ærø,2004,7003
Ærø,2005,6939
Ærø,2006,6873
Ærø,2007,6712
Ærø,2008,6698
Ærø,2009,6679
Ærø,2010,6663
Ærø,2011,6636
Ærø,2012,6527
Ærø,2013,6393
Ærø,2014,6276
Ærø,2015,6290
Ærø,2016,6177
Ærø,2017,6178
Ærø,2018,6058
Ærø,2019,5964
Ærø,2020,5960
Ærø,2021,6025
Ærø,2022,6008
Ærø,2023,5960
Ærø,2024,5881
Ærø,2025,5766
