"Alle";"I alt";"Gennemsnit for personer i gruppen (kr.)";"København";144390;146145;157207;161926;167559;172856;181669;189159;198337;206986;213391;217374;223114;231359;244087;255185;263569;264067;271857;277048;282824;288110;294796;304699;311523;319745;329200;342385;358403;380513;383030;408401;434374
"Alle";"I alt";"Gennemsnit for personer i gruppen (kr.)";"Frederiksberg";174495;179198;189530;197266;204176;212146;222859;234013;245138;256128;259069;261543;270507;279473;296988;306039;308755;308337;323858;326855;336108;345094;353406;364056;371637;384186;395083;412387;432294;457434;451144;481600;507786
"Alle";"I alt";"Gennemsnit for personer i gruppen (kr.)";"Dragør";203082;206589;211044;220330;231570;239897;250354;261811;269943;281056;284881;290685;298129;304476;318427;328772;332548;332736;348191;366796;364254;369663;378606;395557;399826;410044;420010;437574;449328;470826;472765;505342;529447
"Alle";"I alt";"Gennemsnit for personer i gruppen (kr.)";"Tårnby";170590;171550;179304;184378;190478;195427;202630;210377;218936;227405;232349;236740;243744;250546;260397;269854;278900;279064;286436;291759;294830;298326;303129;310723;315828;322928;330986;339955;357667;369946;372285;392949;416237
"Alle";"I alt";"Gennemsnit for personer i gruppen (kr.)";"Albertslund";163585;165338;173912;179120;183150;187986;195435;202838;208643;216242;220921;222845;226906;230819;240246;248985;256722;254578;260044;259955;264922;265559;270427;275786;280298;283546;290087;295184;307232;320657;322050;340153;356358
"Alle";"I alt";"Gennemsnit for personer i gruppen (kr.)";"Ballerup";170094;172848;181751;187775;192508;198749;207913;215746;225480;232133;238594;240944;246575;252649;262130;273451;279522;278315;286989;289781;295149;298294;310115;314747;317890;323363;329386;339849;354043;367537;369658;390534;411948
"Alle";"I alt";"Gennemsnit for personer i gruppen (kr.)";"Brøndby";162441;161779;169097;173362;175605;180688;188420;193588;203317;210615;215818;219228;224035;231214;239198;248438;257466;254863;259871;261804;263907;266110;268436;273606;278950;283280;289757;295586;308783;318925;321585;339869;354091
"Alle";"I alt";"Gennemsnit for personer i gruppen (kr.)";"Gentofte";232866;236742;252588;262829;275624;290055;307167;315222;346665;364359;360426;366216;381268;422780;451369;467806;442884;428813;476066;485273;500416;512190;530603;611952;579957;583331;594637;663328;657268;746631;744111;886422;841834
"Alle";"I alt";"Gennemsnit for personer i gruppen (kr.)";"Gladsaxe";166418;168183;177728;184409;190643;197645;206038;214341;223468;234344;240653;244150;251264;260569;269716;282406;289902;290156;300951;303516;307933;314458;320386;328195;331848;340435;344899;357810;379028;394146;394784;421424;441471
"Alle";"I alt";"Gennemsnit for personer i gruppen (kr.)";"Glostrup";168078;167904;178336;183864;188627;194094;201945;209614;221040;228662;234158;238182;245246;253284;261487;273732;281792;280390;288112;290727;293181;297047;299591;308247;311497;318219;322796;331431;348504;363198;362639;381950;400547
"Alle";"I alt";"Gennemsnit for personer i gruppen (kr.)";"Herlev";165177;166930;174879;179964;185224;190418;197781;205770;213854;220514;227100;231952;237191;244091;253729;266147;274282;274480;283522;286920;292229;299158;299872;307022;313047;316796;326319;334649;358169;365579;364777;386548;411839
"Alle";"I alt";"Gennemsnit for personer i gruppen (kr.)";"Hvidovre";160301;162323;170589;175844;181327;187023;195022;201681;208994;217803;223387;227806;234441;242344;250721;263065;271440;270983;279253;280589;286178;288966;294413;300369;305189;311058;318797;328742;344135;358739;362017;383784;405235
"Alle";"I alt";"Gennemsnit for personer i gruppen (kr.)";"Høje-Taastrup";170568;171207;180567;186875;192925;199865;206781;213866;221972;231422;236305;239297;243791;252776;259797;272145;279445;278146;280800;282688;285254;287564;290763;295065;299601;306709;309595;318459;330985;344798;344570;363758;382046
"Alle";"I alt";"Gennemsnit for personer i gruppen (kr.)";"Ishøj";162136;161920;171028;175433;180443;184886;192152;198035;205233;213722;218847;221844;224898;231588;238194;247706;253059;251108;256901;257168;260658;262342;263608;268993;273059;278470;283723;290740;304393;316989;319991;337525;351224
"Alle";"I alt";"Gennemsnit for personer i gruppen (kr.)";"Lyngby-Taarbæk";196568;200710;209705;216042;226121;238639;246463;259800;277285;286742;290823;293082;302949;319226;332296;353114;351970;342109;373274;375443;386363;398972;421315;463346;437476;440171;450436;470822;484118;529564;521510;591252;589541
"Alle";"I alt";"Gennemsnit for personer i gruppen (kr.)";"Rødovre";162544;163931;173311;177831;182516;188399;195838;201985;209977;219099;223216;228145;233310;242442;250946;263236;274901;269582;276618;278523;283406;288563;293974;302880;308437;315174;321798;330436;348518;362949;363577;384499;403089
"Alle";"I alt";"Gennemsnit for personer i gruppen (kr.)";"Vallensbæk";199674;201452;208925;215289;221615;230775;238085;248435;258675;268356;273485;278617;281856;289606;299079;310855;313819;310134;320514;320512;325987;330275;340046;343110;341546;344545;350821;358542;379206;392844;387237;409862;428129
"Alle";"I alt";"Gennemsnit for personer i gruppen (kr.)";"Allerød";202847;206120;214698;223112;230321;244527;255833;267273;281912;293330;295462;306659;315741;331542;339317;357408;354001;353228;373327;379782;383653;382087;389651;401109;404423;413531;417514;437980;448045;469492;471017;494246;527064
"Alle";"I alt";"Gennemsnit for personer i gruppen (kr.)";"Egedal";190252;192808;202054;211242;218030;227947;238456;249407;260459;274866;278001;281305;287975;298492;308890;320376;325349;319504;334407;333340;338312;345070;346848;358261;360530;371405;379394;382190;400462;423113;410756;440544;461053
"Alle";"I alt";"Gennemsnit for personer i gruppen (kr.)";"Fredensborg";187850;189412;199857;207920;217100;243134;236865;248586;263354;270895;279166;280504;287658;301218;311527;329843;328731;321792;339904;342416;350626;357974;363846;382642;383438;386014;393429;411693;420850;451765;430982;464397;500960
"Alle";"I alt";"Gennemsnit for personer i gruppen (kr.)";"Frederikssund";165331;168281;177055;185364;193143;202460;206326;216909;225757;237553;242578;246596;253755;263711;274570;287370;288630;286781;292462;296106;301100;305826;309466;316831;321779;326487;333896;341632;359533;371448;375203;393935;411179
"Alle";"I alt";"Gennemsnit for personer i gruppen (kr.)";"Furesø";207175;204798;218208;227734;234332;245300;257555;265236;284514;294951;297233;302130;306739;318246;332692;347257;350260;346202;367543;366142;377997;383702;393506;398031;407246;417711;425765;441619;453142;476753;472637;512040;538352
"Alle";"I alt";"Gennemsnit for personer i gruppen (kr.)";"Gribskov";163677;165970;176644;183020;189438;197338;207489;215680;224091;234938;239606;244161;251144;261608;272488;288008;285712;280767;291188;295048;304949;304416;313277;317617;321353;327821;331070;340353;360873;374955;375897;395416;418697
"Alle";"I alt";"Gennemsnit for personer i gruppen (kr.)";"Halsnæs";151796;152896;162174;169157;175640;181808;189159;197004;205260;213083;220009;223505;230221;240098;249704;259693;265339;262503;269425;272706;277915;283520;288228;294684;298035;306545;311758;317475;334290;344709;343759;362168;381754
"Alle";"I alt";"Gennemsnit for personer i gruppen (kr.)";"Helsingør";165917;168376;177560;185110;192477;199085;210456;220166;231943;237969;262596;250531;256479;268869;277291;297878;293493;288924;301507;303564;309867;319700;325160;334411;337931;345074;351300;364897;383629;403329;396992;424428;450951
"Alle";"I alt";"Gennemsnit for personer i gruppen (kr.)";"Hillerød";176369;179225;190395;196630;203792;213348;223324;233188;244242;254756;263012;265039;273483;285977;294206;307165;310630;307356;321529;321930;329644;332711;337795;355401;354720;359956;364791;375970;392617;409570;411800;432384;460597
"Alle";"I alt";"Gennemsnit for personer i gruppen (kr.)";"Hørsholm";234254;251344;249200;276546;277434;298933;314650;331280;358623;361985;363258;360004;374054;395126;422768;456238;419282;401089;462342;454837;463811;477084;483719;504636;509251;536729;522378;552971;594608;603162;586706;622801;669949
"Alle";"I alt";"Gennemsnit for personer i gruppen (kr.)";"Rudersdal";237720;239218;236149;258547;271604;285910;305630;319233;353356;357282;365338;364471;381498;402617;430171;439930;420156;397116;454763;452464;475594;496260;517457;534903;553901;559648;563994;619415;627306;676338;638024;704030;792373
"Alle";"I alt";"Gennemsnit for personer i gruppen (kr.)";"Bornholm";135208;138160;148295;153031;157091;161721;167353;172872;180018;187360;191492;195734;202989;209682;218376;224673;229888;229745;240996;243998;249829;252056;256319;262203;268743;276940;279541;291198;300997;311242;311362;326444;343939
"Alle";"I alt";"Gennemsnit for personer i gruppen (kr.)";"Greve";184329;187371;195623;203390;210746;219764;229622;237779;249325;259170;264630;267595;274277;283675;292998;311442;310629;302682;312940;315484;319768;324892;329628;334804;340228;348180;352836;360347;378532;391201;389332;416533;431772
"Alle";"I alt";"Gennemsnit for personer i gruppen (kr.)";"Køge";162079;165111;175066;182091;189205;196919;205433;213604;223378;231731;237450;242125;249247;257085;267274;279334;282405;278066;285894;290079;295442;297988;305297;311097;315336;323238;329991;339180;360945;371144;371967;395168;416634
"Alle";"I alt";"Gennemsnit for personer i gruppen (kr.)";"Lejre";174616;178921;186909;195706;204544;212263;220929;230051;241805;251833;256796;261910;267858;278898;289810;298882;302333;298918;314017;315855;322116;327424;329252;337277;342653;351357;359999;366862;381395;397764;397523;416259;438869
"Alle";"I alt";"Gennemsnit for personer i gruppen (kr.)";"Roskilde";173378;176491;186252;195011;201621;210419;220271;229521;239902;250687;256285;259908;267324;276973;288877;302285;304945;302567;313076;315354;322039;324935;333567;342134;347629;355919;363744;377376;395458;412543;411307;441257;467344
"Alle";"I alt";"Gennemsnit for personer i gruppen (kr.)";"Solrød";187450;199567;202392;210893;219763;226524;238625;248096;260778;271478;277070;282193;288393;300043;311933;333108;327617;314106;328865;332781;339853;339966;354050;364750;376092;379057;385276;409689;423487;439504;431338;460524;482312
"Alle";"I alt";"Gennemsnit for personer i gruppen (kr.)";"Faxe";149970;152572;162060;169095;176220;183245;192312;198360;206367;216199;222381;226485;232958;241508;251959;265586;266595;261875;270878;273599;281111;281559;285715;290296;295032;301658;307816;316447;334636;343483;347278;363176;377934
"Alle";"I alt";"Gennemsnit for personer i gruppen (kr.)";"Guldborgsund";136759;139897;148886;154834;160776;165704;171565;177222;184839;192097;196841;201403;207652;215307;226528;233622;237744;237465;246530;244152;253030;259687;261926;267372;270912;276056;280318;289707;306253;320875;321340;336110;352418
"Alle";"I alt";"Gennemsnit for personer i gruppen (kr.)";"Holbæk";151580;153569;164987;171705;177548;184081;192343;200013;208526;217191;223602;228539;235946;245235;255061;265893;267692;266021;275258;278393;284954;289642;293608;302431;304858;312477;318086;327589;344437;361563;362477;381994;400079
"Alle";"I alt";"Gennemsnit for personer i gruppen (kr.)";"Kalundborg";148490;151126;161739;168539;172780;179661;186642;191896;201153;209775;214907;218666;225907;234168;246038;257418;253997;255358;263780;267457;273016;278071;282296;292268;295784;299022;303876;313234;325201;339870;345014;371673;393184
"Alle";"I alt";"Gennemsnit for personer i gruppen (kr.)";"Lolland";132992;135187;144867;149535;154149;158830;164820;168030;175348;182851;188900;192641;198923;206089;213902;219769;225811;227468;234445;237375;243332;249599;254899;256398;259690;264422;267173;276923;288817;303701;306887;320551;337592
"Alle";"I alt";"Gennemsnit for personer i gruppen (kr.)";"Næstved";147806;150479;161144;168129;173708;180209;188110;194596;202878;211056;216736;221687;228464;237116;247007;260530;260133;259345;266782;271004;276502;280006;283174;288941;293169;301020;305561;315629;332115;345928;344724;361631;379740
"Alle";"I alt";"Gennemsnit for personer i gruppen (kr.)";"Odsherred";142715;145773;155935;161061;166750;172649;178336;184083;191328;197768;203763;209987;215722;223434;233162;245661;243182;241755;249568;252743;258857;263214;267571;271584;274771;281363;285351;294814;308823;321181;323658;340126;357018
"Alle";"I alt";"Gennemsnit for personer i gruppen (kr.)";"Ringsted";152588;154505;165975;175083;180231;186706;195298;205158;212430;220501;225411;230836;238968;247799;259524;270675;274166;269145;278781;281999;287818;291279;295423;300358;305931;314594;318670;328577;345328;359759;360008;376138;397074
"Alle";"I alt";"Gennemsnit for personer i gruppen (kr.)";"Slagelse";147822;151615;160802;167026;171059;176783;183784;188969;197216;204417;211003;215244;222071;229160;239007;252904;252950;252742;258496;260868;265216;269070;272201;277129;282770;289148;295393;303009;315702;332673;337047;348793;370036
"Alle";"I alt";"Gennemsnit for personer i gruppen (kr.)";"Sorø";146229;149661;160508;168652;175796;180189;188992;197518;207380;217058;221307;226232;234913;244232;254887;265225;263925;267031;273090;277830;284603;290911;295135;302594;305570;314113;317782;331063;341658;357873;358972;378076;400279
"Alle";"I alt";"Gennemsnit for personer i gruppen (kr.)";"Stevns";154030;158021;167132;174828;181234;187628;195900;204244;214185;222309;227444;231174;237219;247823;256730;267297;275153;265872;275030;280172;284046;289705;294932;299755;304132;310392;319958;330035;341201;356731;360671;376469;396882
"Alle";"I alt";"Gennemsnit for personer i gruppen (kr.)";"Vordingborg";139165;143038;153455;158678;163873;170222;177385;183570;193325;200065;204961;209895;215094;225123;234074;243240;242766;242587;251896;254837;260486;266401;270211;275865;276731;282718;289155;297340;314816;326457;334910;343730;366110
"Alle";"I alt";"Gennemsnit for personer i gruppen (kr.)";"Assens";140579;142675;154963;161234;167155;174796;183168;187041;196284;204021;209637;215903;222132;229006;241685;250465;251158;250058;258312;262639;267784;270534;272421;279089;283827;291657;294950;307255;319669;332682;333231;350702;365357
"Alle";"I alt";"Gennemsnit for personer i gruppen (kr.)";"Faaborg-Midtfyn";142072;144213;154772;161022;166404;173463;181032;184979;193521;201200;205267;210932;217949;224006;236476;245010;249389;245731;253509;257817;264002;267375;272273;278217;278611;288458;295989;303491;317296;328759;333316;347749;363338
"Alle";"I alt";"Gennemsnit for personer i gruppen (kr.)";"Kerteminde";151249;152652;164819;171218;176523;183894;192123;197065;203576;211455;218674;221105;229621;238236;246251;259132;257452;256385;264782;268944;269904;276207;283892;291161;298100;302153;307535;319218;330975;349296;351021;370677;385717
"Alle";"I alt";"Gennemsnit for personer i gruppen (kr.)";"Langeland";127712;130115;139292;145443;150817;154357;160711;162594;170684;175834;181107;185187;191691;197949;210957;219977;225423;222735;230044;231100;238265;241052;245812;247889;253150;257776;259870;273927;290793;293158;298690;313851;324053
"Alle";"I alt";"Gennemsnit for personer i gruppen (kr.)";"Middelfart";147390;150719;161685;169610;175928;183598;193148;199184;209056;216981;224033;228887;234526;244190;255270;266468;273180;269573;279902;281700;289543;293003;297634;309662;310618;323234;326767;346553;363578;372607;380569;397372;415538
"Alle";"I alt";"Gennemsnit for personer i gruppen (kr.)";"Nordfyns";140697;142866;153867;161073;166246;173547;181371;183656;193978;201741;207171;209434;217719;224892;237899;244530;247200;243148;253740;260881;264794;270783;273469;278900;281403;289854;296979;305767;317701;328173;333427;346490;361679
"Alle";"I alt";"Gennemsnit for personer i gruppen (kr.)";"Nyborg";146780;147431;156667;163461;168053;173964;181274;183595;192269;200544;206526;213850;220280;226810;239384;245837;253087;253561;260239;262825;267072;270759;275264;278787;282398;288951;298410;305597;321558;333900;334811;354013;366493
"Alle";"I alt";"Gennemsnit for personer i gruppen (kr.)";"Odense";144848;148110;157689;163234;168261;174847;183260;187760;194859;202754;207988;213248;218854;226295;235837;245604;249041;248840;257546;260104;260813;266297;269390;277392;279183;284822;291536;299596;312709;328305;329574;347544;365777
"Alle";"I alt";"Gennemsnit for personer i gruppen (kr.)";"Svendborg";142756;145156;153921;158831;166122;170653;179489;183062;190032;198555;205441;210971;217244;223618;235281;245658;253529;249537;257551;262339;268330;272393;277827;283894;287904;293029;296604;312320;328453;341899;343191;359606;373979
"Alle";"I alt";"Gennemsnit for personer i gruppen (kr.)";"Ærø";129029;129686;141433;148075;151189;158176;162945;166991;171566;181566;190538;195009;200129;203403;214751;227712;231628;228905;235605;236411;243378;244336;253021;254644;262654;265233;268783;275369;288173;299383;298257;310190;328729
"Alle";"I alt";"Gennemsnit for personer i gruppen (kr.)";"Billund";154505;158602;171735;175222;181110;189627;197803;213787;208136;217769;222566;227097;232055;239123;249478;267100;266787;257776;273502;276243;285308;292480;294787;298105;302269;316820;319555;330078;342119;358509;365635;598865;411187
"Alle";"I alt";"Gennemsnit for personer i gruppen (kr.)";"Esbjerg";152357;155055;165351;170791;176012;184614;191033;195443;205125;210631;217132;222662;229158;235558;247857;258076;264736;259479;269351;273569;279815;285294;290079;294849;298953;306984;312077;323003;335222;352559;354270;374857;395455
"Alle";"I alt";"Gennemsnit for personer i gruppen (kr.)";"Fanø";154562;159163;167692;175593;183616;186930;198338;205439;213666;218757;227883;232830;236302;245885;256732;276948;282107;280313;289677;292860;296548;302103;306872;311302;311074;321801;323936;332734;345687;365876;356100;369530;387164
"Alle";"I alt";"Gennemsnit for personer i gruppen (kr.)";"Fredericia";153260;156645;166447;174532;179049;184212;192733;198509;206699;213667;220493;225795;231593;240446;252898;263683;269662;265788;274300;275355;280027;283050;288050;295812;305361;307552;311178;320608;334068;349745;353985;370674;389279
"Alle";"I alt";"Gennemsnit for personer i gruppen (kr.)";"Haderslev";143554;146964;156528;163592;169711;175405;181827;186963;196881;205546;209716;212682;221330;230371;244377;253521;254953;254536;259908;262565;265621;270236;274905;280738;284332;293545;298613;307969;321204;333679;335529;350375;363836
"Alle";"I alt";"Gennemsnit for personer i gruppen (kr.)";"Kolding";152368;156005;166836;174928;180835;189105;197500;204949;211715;219518;224406;228540;237381;245860;259422;269683;276903;267422;277984;282190;287716;290165;295378;303927;308923;317707;323859;332888;354620;368102;366491;384292;399526
"Alle";"I alt";"Gennemsnit for personer i gruppen (kr.)";"Sønderborg";146201;149618;159297;167262;173083;179186;186869;190356;200097;208630;210252;212368;223900;229583;240314;248417;255166;238851;261580;264899;272885;272633;279858;282945;287172;297579;302596;312845;324383;338883;340968;354589;370363
"Alle";"I alt";"Gennemsnit for personer i gruppen (kr.)";"Tønder";138044;141474;153159;159617;165368;171696;180107;183464;191595;196958;199070;202931;210551;217679;230990;240445;236657;230783;239476;245577;247913;255498;257175;263345;267675;281082;282514;298550;307894;321505;333132;338262;354448
"Alle";"I alt";"Gennemsnit for personer i gruppen (kr.)";"Varde";145233;148074;159974;167045;173561;180374;186534;192543;200321;207389;212119;216829;224392;233653;244660;257491;255057;251312;261017;266031;273576;284414;281394;286346;289264;299644;302034;314202;329416;345179;351378;364039;386691
"Alle";"I alt";"Gennemsnit for personer i gruppen (kr.)";"Vejen";141363;144646;155791;162616;167699;174058;181254;187422;195483;204164;208207;212730;219893;229543;239948;249849;251953;245277;257565;260131;271162;277686;278754;287526;287988;300749;305337;315692;331257;348097;353416;551164;548986
"Alle";"I alt";"Gennemsnit for personer i gruppen (kr.)";"Vejle";151599;153057;165045;173240;179242;187598;193982;204245;210683;218707;224724;230250;238399;247733;261528;272645;276920;270692;283663;284653;291007;294974;298948;310525;315259;325156;331377;343644;360229;379864;378172;398156;418847
"Alle";"I alt";"Gennemsnit for personer i gruppen (kr.)";"Aabenraa";144251;147441;159478;166954;172835;178070;186033;192357;199798;205791;211595;214877;223490;231064;241633;252526;255470;247369;258176;261635;266148;269677;272002;277947;282719;293063;296069;305855;318589;332956;337605;349520;368931
"Alle";"I alt";"Gennemsnit for personer i gruppen (kr.)";"Favrskov";151698;154505;167200;172696;181233;188540;196592;203979;212935;222976;227898;233581;240371;247831;261884;273010;278214;271958;283896;287496;294501;299538;304315;309921;316838;326520;333235;341952;361971;376417;377631;394183;411277
"Alle";"I alt";"Gennemsnit for personer i gruppen (kr.)";"Hedensted";146296;149478;160502;168979;175708;184159;191824;198456;209643;218285;222097;227161;235444;247231;260437;269249;271793;266665;275397;277368;285303;290007;295804;305408;306413;315311;324047;331872;348752;362595;367832;381583;400421
"Alle";"I alt";"Gennemsnit for personer i gruppen (kr.)";"Horsens";147275;149784;161414;171010;173518;180375;188711;195919;203239;211439;215676;222122;227776;236887;250164;260931;260742;259031;267420;271651;277817;282867;287782;293193;298740;308547;315506;325451;341426;355262;356344;370141;390800
"Alle";"I alt";"Gennemsnit for personer i gruppen (kr.)";"Norddjurs";140915;143023;153690;160401;165760;171264;177207;182570;188443;196975;201743;207487;213701;221218;229873;240799;241830;237637;247190;250674;254920;258879;262651;268649;271611;279562;284089;294950;310582;321270;327123;338642;356962
"Alle";"I alt";"Gennemsnit for personer i gruppen (kr.)";"Odder";151959;153171;163113;172079;177772;185859;196292;205351;214481;220568;225381;229835;238315;245156;256672;266762;270277;269166;278487;280988;287739;292984;297536;301469;307072;314599;318601;330256;348911;359949;359591;380276;394344
"Alle";"I alt";"Gennemsnit for personer i gruppen (kr.)";"Randers";142808;145865;156909;163894;170083;176755;183640;189343;195677;204637;210678;216081;223214;229933;240497;252698;256186;252269;259910;263499;267809;270548;273721;280907;285415;291379;298642;308386;323881;334591;340816;353256;370541
"Alle";"I alt";"Gennemsnit for personer i gruppen (kr.)";"Samsø";124545;127077;139861;150672;155102;159024;165367;171001;176139;186674;188364;192672;200929;205516;217426;229392;232800;234531;235559;244605;254623;258789;259279;273793;272430;280097;285503;297801;320781;331348;321390;337037;350457
"Alle";"I alt";"Gennemsnit for personer i gruppen (kr.)";"Silkeborg";150002;155685;166052;175233;185279;189492;198837;205942;216653;224086;230296;239459;247171;255125;269059;281787;285152;281843;277641;277189;287488;292119;284450;306948;323446;325198;330999;340637;360011;378357;379883;397691;419589
"Alle";"I alt";"Gennemsnit for personer i gruppen (kr.)";"Skanderborg";158534;160132;170841;179927;186755;194983;204507;212290;222644;231850;238098;245421;252650;264306;279493;289157;292874;288328;302636;305479;313890;318748;325329;333338;338893;346242;354051;366933;389662;404314;403433;421649;443141
"Alle";"I alt";"Gennemsnit for personer i gruppen (kr.)";"Syddjurs";146767;150064;158370;168086;174954;181519;188564;197357;204196;214043;219188;223888;232389;238334;250848;273370;266567;258965;268841;271923;280794;292659;286313;295206;303029;309370;311174;324847;342170;363621;352364;368827;390405
"Alle";"I alt";"Gennemsnit for personer i gruppen (kr.)";"Aarhus";154181;155833;165863;172399;178240;184618;191948;198998;205610;214202;219217;224747;229453;239023;249998;260679;261527;260595;272861;274041;278220;285084;289764;303066;303626;314040;320150;327869;342595;359620;361364;379743;399725
"Alle";"I alt";"Gennemsnit for personer i gruppen (kr.)";"Herning";149882;152107;163697;171448;177468;185192;192413;198415;207412;216565;218976;223317;230820;241254;251330;264035;264729;256330;268167;279511;276509;279723;285995;291084;297690;307011;313029;322493;341503;353634;358379;372912;392677
"Alle";"I alt";"Gennemsnit for personer i gruppen (kr.)";"Holstebro";144970;148354;160288;166884;173138;179613;189081;191868;200485;214252;216992;219927;227487;238318;250065;264603;261021;253212;265622;270667;278613;285641;284946;291755;291868;301544;304405;314745;331006;351356;349412;364386;385396
"Alle";"I alt";"Gennemsnit for personer i gruppen (kr.)";"Ikast-Brande";146571;150109;158021;164568;171133;179167;183546;191274;201934;207877;211370;216332;224758;231873;246048;265750;259856;249959;261290;268633;271923;279289;278626;288390;293117;300864;303348;324890;354941;342835;348055;358219;380735
"Alle";"I alt";"Gennemsnit for personer i gruppen (kr.)";"Lemvig";141156;142898;154316;161549;168176;177854;184130;187762;196616;206758;209903;210364;219391;227186;242627;254193;250491;243162;264844;264969;266398;280211;279009;290905;303188;303218;298988;317157;333571;348692;353197;374157;396357
"Alle";"I alt";"Gennemsnit for personer i gruppen (kr.)";"Ringkøbing-Skjern";142739;146903;157992;166146;170698;179499;187817;191019;200865;215663;215966;217810;227637;238088;253438;260713;257096;251466;262206;269605;276646;280031;283769;289490;291917;303997;305827;317349;333416;348411;348794;365128;388006
"Alle";"I alt";"Gennemsnit for personer i gruppen (kr.)";"Skive";141403;146218;156177;163704;172800;174468;182617;187081;194938;209562;206871;210834;219659;228534;238898;249281;248879;245192;252102;256348;262290;265916;269446;276127;280980;290346;294751;305678;326206;334112;339014;351099;371221
"Alle";"I alt";"Gennemsnit for personer i gruppen (kr.)";"Struer";144226;147203;156445;165197;172899;181195;186565;190854;199952;208659;212698;214506;223481;234126;243314;250890;258738;250918;258518;263386;269023;271401;270404;276057;277973;286506;290688;300986;312404;328535;332380;344745;364496
"Alle";"I alt";"Gennemsnit for personer i gruppen (kr.)";"Viborg";145173;147393;158490;166442;172578;180097;187850;193601;201988;211220;215924;222605;228791;238140;250061;263217;264803;261340;271739;273709;278363;285631;287123;293476;297890;309582;315542;324806;340343;352699;354679;365235;386991
"Alle";"I alt";"Gennemsnit for personer i gruppen (kr.)";"Brønderslev";134605;137333;148138;155453;161571;169483;173738;179528;190320;197616;200449;203842;212444;222593;234497;244215;239407;241159;252216;258440;267504;272724;274390;279391;292938;292397;294854;308082;326066;337692;339070;352765;369297
"Alle";"I alt";"Gennemsnit for personer i gruppen (kr.)";"Frederikshavn";145442;147749;157764;163597;168833;176033;181330;185621;190186;199233;206172;210291;216528;224782;239757;245591;247503;245392;254712;258961;270118;272244;274327;279647;283445;290973;294615;303939;316606;327898;332902;348769;370847
"Alle";"I alt";"Gennemsnit for personer i gruppen (kr.)";"Hjørring";140267;143263;153550;159115;165504;172622;178039;182544;189141;200067;205924;208828;217926;224482;234996;241847;244510;239807;250637;258604;264855;271161;274457;280522;284379;297179;298657;307772;322370;334249;336152;353253;368972
"Alle";"I alt";"Gennemsnit for personer i gruppen (kr.)";"Jammerbugt";137896;141150;151669;158756;165956;172474;182512;185962;195452;202996;207781;211799;217613;227565;239156;246635;247186;244289;254147;260417;267491;273893;273766;278296;280552;285885;293060;302417;320264;335768;334108;345080;365375
"Alle";"I alt";"Gennemsnit for personer i gruppen (kr.)";"Læsø";130902;130041;143363;149842;155970;163707;169916;175933;177235;182980;190581;190698;200104;206219;221958;228052;219581;217424;231514;237970;244187;251586;248824;252038;261291;270385;266404;277551;287421;309453;296061;318633;340494
"Alle";"I alt";"Gennemsnit for personer i gruppen (kr.)";"Mariagerfjord";138311;141552;153300;159058;165764;173724;180334;185018;193049;201309;205266;211354;218981;226495;238184;249925;251840;247017;257370;261598;269010;270434;275907;279997;285320;293698;299693;312392;328366;340013;346165;358530;377188
"Alle";"I alt";"Gennemsnit for personer i gruppen (kr.)";"Morsø";132753;136131;146071;151853;159449;165990;170974;175372;184659;194826;197609;200441;216332;219650;226990;230181;236160;230421;236438;243482;249259;255280;258592;263783;267145;277524;279478;296882;307301;318156;329492;336200;354284
"Alle";"I alt";"Gennemsnit for personer i gruppen (kr.)";"Rebild";143573;146862;158777;165120;171487;180111;188058;194709;205113;214929;218616;222509;231981;240300;253321;263071;264167;262486;271496;282335;289685;297763;301612;307115;312638;323725;332089;345560;361900;375003;383846;400589;421746
"Alle";"I alt";"Gennemsnit for personer i gruppen (kr.)";"Thisted";139057;141354;151948;159167;164423;172863;179373;183803;193433;202820;203943;206482;215417;225366;236887;248696;246664;238869;248692;254421;258174;266345;267039;275604;281922;289210;292662;306245;320294;332032;336003;343577;362541
"Alle";"I alt";"Gennemsnit for personer i gruppen (kr.)";"Vesthimmerlands";134061;136425;148976;155217;160131;167405;174954;179249;186472;194522;201011;206343;213222;222319;232374;243115;241768;236712;244766;252155;258000;263828;266439;269902;274348;284471;289262;302365;314478;338491;339304;348796;365272
"Alle";"I alt";"Gennemsnit for personer i gruppen (kr.)";"Aalborg";146714;149406;159249;166348;171472;177812;185556;191525;201059;207281;211986;216925;223743;231249;240288;251853;256818;254579;263322;266269;271327;274606;277618;284504;288130;296597;302998;310886;326049;339383;344376;361179;382866
